contrast,ratio,SE,df,z.ratio,p.value
Stage 11 Early Control DMEL / (Stage 12-14 Early Control DMEL),0.9983927117770321,0.9218992548100512,Inf,-0.001742051351357284,1
Stage 11 Early Control DMEL / (Stages 1-7 Early Control DMEL),9.992856673371948e-11,6.063829476541697e-11,Inf,-37.9465104997013,0
Stage 11 Early Control DMEL / (Stages 8-10 Early Control DMEL),3.4974577764586604e-9,3.389187823979785e-9,Inf,-20.093251394047602,0
Stage 11 Early Control DMEL / Stage 11 Late Control DMEL,2.0984899016044374e-9,1.251818497040112e-9,Inf,-33.49696918204948,0
Stage 11 Early Control DMEL / (Stage 12-14 Late Control DMEL),2.098499563749263e-9,1.6461571915568446e-9,Inf,-25.472846238024204,0
Stage 11 Early Control DMEL / (Stages 1-7 Late Control DMEL),1.0492465969235919e-10,6.298424032078585e-11,Inf,-38.2783944455287,0
Stage 11 Early Control DMEL / (Stages 8-10 Late Control DMEL),6.295768374822916e-9,7.072594777205694e-9,Inf,-16.809309942641146,0
Stage 11 Early Control DMEL / Stage 11 Early HighTemp DMEL,3.70733596562273e-9,2.176870265925462e-9,Inf,-33.061380523416275,0
Stage 11 Early Control DMEL / (Stage 12-14 Early HighTemp DMEL),1.4258801909589305e-9,9.14004939518211e-10,Inf,-31.775547326983272,0
Stage 11 Early Control DMEL / (Stages 1-7 Early HighTemp DMEL),8.827026411127908e-11,5.2009332165730695e-11,Inf,-39.291239949478346,0
Stage 11 Early Control DMEL / (Stages 8-10 Early HighTemp DMEL),1.0903953857577486e-9,6.900495799562563e-10,Inf,-32.60952673584338,0
Stage 11 Early Control DMEL / Stage 11 Late HighTemp DMEL,8.088090486724177e-10,5.186066998684417e-10,Inf,-32.65053861336452,0
Stage 11 Early Control DMEL / (Stage 12-14 Late HighTemp DMEL),1.1764437033745096e-9,7.765935336927612e-10,Inf,-31.147037763088097,0
Stage 11 Early Control DMEL / (Stages 1-7 Late HighTemp DMEL),8.62714904170808e-11,5.0907865645006966e-11,Inf,-39.27122556617712,0
Stage 11 Early Control DMEL / (Stages 8-10 Late HighTemp DMEL),8.627196714251269e-10,5.501614652064566e-10,Inf,-32.72814280725552,0
Stage 11 Early Control DMEL / Stage 11 Early Control DPSE,0.9538134498253822,0.9639313379901059,Inf,-0.0467908229518271,1
Stage 11 Early Control DMEL / (Stage 12-14 Early Control DPSE),0.953111365653122,1.7693795253142501,Inf,-0.02586882353794703,1
Stage 11 Early Control DMEL / (Stages 1-7 Early Control DPSE),7.968215492659549e-11,4.6704967283010065e-11,Inf,-39.671309086713,0
Stage 11 Early Control DMEL / (Stages 8-10 Early Control DPSE),0.9529827595097422,2.9552696281448068,Inf,-0.015529611112665457,1
Stage 11 Early Control DMEL / Stage 11 Late Control DPSE,1.8361934168323867e-9,1.3745723411994649e-9,Inf,-26.870960743576003,0
Stage 11 Early Control DMEL / (Stage 12-14 Late Control DPSE),3.497496918763026e-10,2.1844827908804105e-10,Inf,-34.86125437151302,0
Stage 11 Early Control DMEL / (Stages 1-7 Late Control DPSE),1.112833375117662e-10,6.649311799057223e-11,Inf,-38.357297536551044,0
Stage 11 Early Control DMEL / (Stages 8-10 Late Control DPSE),6.677027078463347e-10,4.3892597157598575e-10,Inf,-32.139073404382756,0
Stage 11 Early Control DMEL / Stage 11 Early HighTemp DPSE,2.847972215741674e-9,1.9477418728997768e-9,Inf,-28.771049063905203,0
Stage 11 Early Control DMEL / (Stage 12-14 Early HighTemp DPSE),1.8123510101000967e-9,1.1926382527882368e-9,Inf,-30.58778522591774,0
Stage 11 Early Control DMEL / (Stages 1-7 Early HighTemp DPSE),9.229485941467988e-11,5.433020152609522e-11,Inf,-39.25198097987503,0
Stage 11 Early Control DMEL / (Stages 8-10 Early HighTemp DPSE),1.1075410301884424e-9,6.985202760034359e-10,Inf,-32.69588761237382,0
Stage 11 Early Control DMEL / Stage 11 Late HighTemp DPSE,7.124506984937024e-10,4.3950635660015464e-10,Inf,-34.1425272511639,0
Stage 11 Early Control DMEL / (Stage 12-14 Late HighTemp DPSE),2.82885283005999e-10,1.6887193576798446e-10,Inf,-36.82974349908622,0
Stage 11 Early Control DMEL / (Stages 1-7 Late HighTemp DPSE),1.3546641691096506e-10,8.002067357858746e-11,Inf,-38.46641209834853,0
Stage 11 Early Control DMEL / (Stages 8-10 Late HighTemp DPSE),6.412075632466197e-10,3.9273332133518847e-10,Inf,-34.5600131598317,0
(Stage 12-14 Early Control DMEL) / (Stages 1-7 Early Control DMEL),1.0008943931076712e-10,1.0458853928048591e-10,Inf,-22.034489111229316,0
(Stage 12-14 Early Control DMEL) / (Stages 8-10 Early Control DMEL),3.503088248945207e-9,4.52080177018675e-9,Inf,-15.086660211092138,0
(Stage 12-14 Early Control DMEL) / Stage 11 Late Control DMEL,2.1018682096239968e-9,2.306564507257975e-9,Inf,-18.20727318543134,0
(Stage 12-14 Early Control DMEL) / (Stage 12-14 Late Control DMEL),2.101877887323675e-9,2.2755461836205803e-9,Inf,-18.455540077685743,0
(Stage 12-14 Early Control DMEL) / (Stages 1-7 Late Control DMEL),1.0509357535834224e-10,1.0952182305430731e-10,Inf,-22.04718459498787,0
(Stage 12-14 Early Control DMEL) / (Stages 8-10 Late Control DMEL),6.305903779703202e-9,8.915296837659562e-9,Inf,-13.355324797598165,0
(Stage 12-14 Early Control DMEL) / Stage 11 Early HighTemp DMEL,3.7133043159180008e-9,4.08723988873606e-9,Inf,-17.635428387298507,0
(Stage 12-14 Early Control DMEL) / (Stage 12-14 Early HighTemp DMEL),1.4281756809111882e-9,1.4761246856136571e-9,Inf,-19.7052903408414,0
(Stage 12-14 Early Control DMEL) / (Stages 1-7 Early HighTemp DMEL),8.841236826956345e-11,9.156710869445346e-11,Inf,-22.351461780267037,0
(Stage 12-14 Early Control DMEL) / (Stages 8-10 Early HighTemp DMEL),1.092150786855166e-9,1.159556153988179e-9,Inf,-19.435590994305986,0
(Stage 12-14 Early Control DMEL) / Stage 11 Late HighTemp DMEL,8.101111307521709e-10,8.622519380302706e-10,Inf,-19.66796928675411,0
(Stage 12-14 Early Control DMEL) / (Stage 12-14 Late HighTemp DMEL),1.1783376315724158e-9,1.2805007900278606e-9,Inf,-18.9188741458841,0
(Stage 12-14 Early Control DMEL) / (Stages 1-7 Late HighTemp DMEL),8.641037679805052e-11,8.952678702128965e-11,Inf,-22.365303502295443,0
(Stage 12-14 Early Control DMEL) / (Stages 8-10 Late HighTemp DMEL),8.641085429095114e-10,9.187595322292279e-10,Inf,-19.627943352137677,0
(Stage 12-14 Early Control DMEL) / Stage 11 Early Control DPSE,0.9553489709752552,1.2627144471577465,Inf,-0.03455966995400532,1
(Stage 12-14 Early Control DMEL) / (Stage 12-14 Early Control DPSE),0.9546457565347065,1.5485770713331746,Inf,-0.02861325347067478,1
(Stage 12-14 Early Control DMEL) / (Stages 1-7 Early Control DPSE),7.981043329610228e-11,8.251695335289079e-11,Inf,-22.488732191077762,0
(Stage 12-14 Early Control DMEL) / (Stages 8-10 Early Control DPSE),0.9545169433514141,3.0786046583475017,Inf,-0.014432724830789286,1
(Stage 12-14 Early Control DMEL) / Stage 11 Late Control DPSE,1.8391494600998828e-9,2.0953925586071358e-9,Inf,-17.654249722816164,0
(Stage 12-14 Early Control DMEL) / (Stage 12-14 Late Control DPSE),3.5031274542638196e-10,3.697489411594437e-10,Inf,-20.627719206319643,0
(Stage 12-14 Early Control DMEL) / (Stages 1-7 Late Control DPSE),1.1146248985901928e-10,1.1596356613151591e-10,Inf,-22.027806506950263,0
(Stage 12-14 Early Control DMEL) / (Stages 8-10 Late Control DPSE),6.687776262487888e-10,7.196537145917607e-10,Inf,-19.632092411173875,0
(Stage 12-14 Early Control DMEL) / Stage 11 Early HighTemp DPSE,2.852557097169297e-9,3.128150587310964e-9,Inf,-17.94165657921324,0
(Stage 12-14 Early Control DMEL) / (Stage 12-14 Early HighTemp DPSE),1.8152686700549986e-9,1.9515186243683184e-9,Inf,-18.721815305603556,0
(Stage 12-14 Early Control DMEL) / (Stages 1-7 Early HighTemp DPSE),9.244344267137618e-11,9.570869100605241e-11,Inf,-22.31618133394619,0
(Stage 12-14 Early Control DMEL) / (Stages 8-10 Early HighTemp DPSE),1.1093240336431723e-9,1.1754879183508205e-9,Inf,-19.45891844463388,0
(Stage 12-14 Early Control DMEL) / Stage 11 Late HighTemp DPSE,7.135976556014882e-10,7.497390695692421e-10,Inf,-20.045463887448786,0
(Stage 12-14 Early Control DMEL) / (Stage 12-14 Late HighTemp DPSE),2.83340693165211e-10,2.9473677510672523e-10,Inf,-21.13433906655085,0
(Stage 12-14 Early Control DMEL) / (Stages 1-7 Late HighTemp DPSE),1.356845010114801e-10,1.406346754247052e-10,Inf,-21.92094737077139,0
(Stage 12-14 Early Control DMEL) / (Stages 8-10 Late HighTemp DPSE),6.422398277580961e-10,6.737842112558146e-10,Inf,-20.175133320059892,0
(Stages 1-7 Early Control DMEL) / (Stages 8-10 Early Control DMEL),34.99957910712726,30.528067945775916,Inf,4.076093680810418,0.016935192174789337
(Stages 1-7 Early Control DMEL) / Stage 11 Late Control DMEL,20.99989993048036,10.547738938007567,Inf,6.061447560920561,6.627666943037624e-7
(Stages 1-7 Early Control DMEL) / (Stage 12-14 Late Control DMEL),20.9999966209978,11.988706763824453,Inf,5.332931965494699,4.6084303631066525e-05
(Stages 1-7 Early Control DMEL) / (Stages 1-7 Late Control DMEL),1.04999664382211,0.2227383845695222,Inf,0.22998349636013532,1
(Stages 1-7 Early Control DMEL) / (Stages 8-10 Late Control DMEL),63.00268862655966,58.620775422553976,Inf,4.452880636721015,0.0035479091786602135
(Stages 1-7 Early Control DMEL) / Stage 11 Early HighTemp DMEL,37.09986129893868,15.65611797265259,Inf,8.563077379304614,2.922107000813412e-13
(Stages 1-7 Early Control DMEL) / (Stage 12-14 Early HighTemp DMEL),14.268994718582166,4.570815950616469,Inf,8.297918370119342,4.0034642267983145e-13
(Stages 1-7 Early Control DMEL) / (Stages 1-7 Early HighTemp DMEL),0.8833336351805547,0.16130103591517145,Inf,-0.6793482424612804,1
(Stages 1-7 Early Control DMEL) / (Stages 8-10 Early HighTemp DMEL),10.911748475922154,3.2186355002208984,Inf,8.101984063785382,6.635803018184561e-13
(Stages 1-7 Early Control DMEL) / Stage 11 Late HighTemp DMEL,8.093872204008072,2.3925665808776486,Inf,7.074058060135778,7.457436890234703e-10
(Stages 1-7 Early Control DMEL) / (Stage 12-14 Late HighTemp DMEL),11.77284676272191,4.035634182489409,Inf,7.193277263158735,3.136836346229188e-10
(Stages 1-7 Early Control DMEL) / (Stages 1-7 Late HighTemp DMEL),0.8633316101387624,0.16229633230263862,Inf,-0.7817312403039519,0.9999999999897837
(Stages 1-7 Early Control DMEL) / (Stages 8-10 Late HighTemp DMEL),8.63336380800921,2.652391482078903,Inf,7.016450813140209,1.1276605205168266e-9
(Stages 1-7 Early Control DMEL) / Stage 11 Early Control DPSE,9544952769.782207,10458416555.233925,Inf,20.97221174327696,0
(Stages 1-7 Early Control DMEL) / (Stage 12-14 Early Control DPSE),9537926909.25796,18104355837.38199,Inf,12.105796858263593,0
(Stages 1-7 Early Control DMEL) / (Stages 1-7 Early Control DPSE),0.7973911518107241,0.13904269432385047,Inf,-1.2984305578348379,0.9999954362148877
(Stages 1-7 Early Control DMEL) / (Stages 8-10 Early Control DPSE),9536639928.491753,29674231153.141434,Inf,7.384750528181781,7.590950090730075e-11
(Stages 1-7 Early Control DMEL) / Stage 11 Late Control DPSE,18.375060073915666,9.347441450823663,Inf,5.722388921475768,5.11230368605009e-6
(Stages 1-7 Early Control DMEL) / (Stage 12-14 Late Control DPSE),3.4999970809977055,0.9647864325462572,Inf,4.54469887428118,0.0023553727635111654
(Stages 1-7 Early Control DMEL) / (Stages 1-7 Late Control DPSE),1.1136288765984588,0.23298873363283876,Inf,0.5144159838570843,1
(Stages 1-7 Early Control DMEL) / (Stages 8-10 Late Control DPSE),6.681800106525771,2.317228074127195,Inf,5.476943449053847,2.0825380368849622e-5
(Stages 1-7 Early Control DMEL) / Stage 11 Early HighTemp DPSE,28.50008069595039,11.462254220793593,Inf,8.329305533451588,3.809175197488912e-13
(Stages 1-7 Early Control DMEL) / (Stage 12-14 Early HighTemp DPSE),18.13646557074598,6.230985291096496,Inf,8.434959639315998,3.3506530883187224e-13
(Stages 1-7 Early Control DMEL) / (Stages 1-7 Early HighTemp DPSE),0.9236083577643909,0.16838950089464896,Inf,-0.43587352987131944,1
(Stages 1-7 Early Control DMEL) / (Stages 8-10 Early HighTemp DPSE),11.083327484719307,3.2143048393279074,Inf,8.294266480057374,4.042322032660195e-13
(Stages 1-7 Early Control DMEL) / Stage 11 Late HighTemp DPSE,7.129599891011915,1.8223044344375328,Inf,7.684968987873603,7.772449350795796e-12
(Stages 1-7 Early Control DMEL) / (Stage 12-14 Late HighTemp DPSE),2.8308750165486267,0.5891448808414823,Inf,5.000074855820994,2.649068925915099e-4
(Stages 1-7 Early Control DMEL) / (Stages 1-7 Late HighTemp DPSE),1.3556325417129573,0.25605444892384555,Inf,1.610891077179043,0.9995826009937516
(Stages 1-7 Early Control DMEL) / (Stages 8-10 Late HighTemp DPSE),6.416659261762973,1.5962776909279697,Inf,7.472329335519041,3.925071379029532e-11
(Stages 8-10 Early Control DMEL) / Stage 11 Late Control DMEL,0.6000043562296431,0.5947425684283093,Inf,-0.5153376596160143,1
(Stages 8-10 Early Control DMEL) / (Stage 12-14 Late Control DMEL),0.6000071188490776,0.6100917626555037,Inf,-0.5023701525238761,1
(Stages 8-10 Early Control DMEL) / (Stages 1-7 Late Control DMEL),0.030000264877707922,0.02599655924522126,Inf,-4.046589391212544,0.01897914730023731
(Stages 8-10 Early Control DMEL) / (Stages 8-10 Late Control DMEL),1.800098465004966,1.9777157945469939,Inf,0.5350477272095329,1
(Stages 8-10 Early Control DMEL) / Stage 11 Early HighTemp DMEL,1.0600087842594577,0.9843116109962767,Inf,0.0627589251882862,1
(Stages 8-10 Early Control DMEL) / (Stage 12-14 Early HighTemp DMEL),0.4076904660741034,0.36621088586074446,Inf,-0.998875467084904,0.99999999241629145
(Stages 8-10 Early Control DMEL) / (Stages 1-7 Early HighTemp DMEL),0.02523840736703814,0.021689061582013554,Inf,-4.281508515597019,0.007399657063328902
(Stages 8-10 Early Control DMEL) / (Stages 8-10 Early HighTemp DMEL),0.31176799133850447,0.2761450103863075,Inf,-1.3158461264288437,0.9999938316995257
(Stages 8-10 Early Control DMEL) / Stage 11 Late HighTemp DMEL,0.23125627251785574,0.20559270815621547,Inf,-1.647004373253006,0.9993672096728148
(Stages 8-10 Early Control DMEL) / (Stage 12-14 Late HighTemp DMEL),0.3363710953976731,0.3050180614779862,Inf,-1.201534935265935,0.9999992485738087
(Stages 8-10 Early Control DMEL) / (Stages 1-7 Late HighTemp DMEL),0.024666914064773848,0.021220459162512834,Inf,-4.303588762157535,0.006745884880665853
(Stages 8-10 Early Control DMEL) / (Stages 8-10 Late HighTemp DMEL),0.2466705037104611,0.2219415306667641,Inf,-1.5556581655725503,0.9997873609922171
(Stages 8-10 Early Control DMEL) / Stage 11 Early Control DPSE,272716215.8312495,363964144.4897868,Inf,14.554246959532184,0
(Stages 8-10 Early Control DMEL) / (Stage 12-14 Early Control DPSE),272515474.5451116,557303999.702807,Inf,9.497732281831151,2.696731726814505e-13
(Stages 8-10 Early Control DMEL) / (Stages 1-7 Early Control DPSE),0.02278287831319505,0.019536511449378697,Inf,-4.410155754406925,0.004277055355530246
(Stages 8-10 Early Control DMEL) / (Stages 8-10 Early Control DPSE),272478703.2238832,837181504.4284261,Inf,6.3216556684424345,1.276517973547442e-7
(Stages 8-10 Early Control DMEL) / Stage 11 Late Control DPSE,0.5250080298872449,0.5151820675717425,Inf,-0.6566311194895093,1
(Stages 8-10 Early Control DMEL) / (Stage 12-14 Late Control DPSE),0.10000111916445793,0.08836438661164518,Inf,-2.6058005484953646,0.734576726409309
(Stages 8-10 Early Control DMEL) / (Stages 1-7 Late Control DPSE),0.03181835053472632,0.027532139749592854,Inf,-3.9844528239583052,0.0240247009336112
(Stages 8-10 Early Control DMEL) / (Stages 8-10 Late Control DPSE),0.19091087027286852,0.17364169209232547,Inf,-1.820637578460976,0.9963503695918681
(Stages 8-10 Early Control DMEL) / Stage 11 Early HighTemp DPSE,0.81429781223131,0.7578909254247316,Inf,-0.2207184109111912,1
(Stages 8-10 Early Control DMEL) / (Stage 12-14 Early HighTemp DPSE),0.5181909621036757,0.4701655414967514,Inf,-0.7245632499964005,0.9999999999990545
(Stages 8-10 Early Control DMEL) / (Stages 1-7 Early HighTemp DPSE),0.02638912756457431,0.022673135937216777,Inf,-4.230525732065816,0.009138192986301696
(Stages 8-10 Early Control DMEL) / (Stages 8-10 Early HighTemp DPSE),0.31667030768556637,0.28126504751141246,Inf,-1.2946411826765634,0.9999957295743928
(Stages 8-10 Early Control DMEL) / Stage 11 Late HighTemp DPSE,0.20370530368921078,0.17880780649076702,Inf,-1.812625680196031,0.9966055037673572
(Stages 8-10 Early Control DMEL) / (Stage 12-14 Late HighTemp DPSE),0.08088311599073349,0.06996579434074109,Inf,-2.9071467325634845,0.4882021052110863
(Stages 8-10 Early Control DMEL) / (Stages 1-7 Late HighTemp DPSE),0.03873282411664483,0.033333165267452815,Inf,-3.777710247182689,0.05042668256274707
(Stages 8-10 Early Control DMEL) / (Stages 8-10 Late HighTemp DPSE),0.18333532646557724,0.16050719798780158,Inf,-1.9377142898560535,0.9903145965491877
Stage 11 Late Control DMEL / (Stage 12-14 Late Control DMEL),1.000004604332295,0.6851020921440563,Inf,6.720666814083804e-6,1
Stage 11 Late Control DMEL / (Stages 1-7 Late Control DMEL),0.050000078443140084,0.024290661257200946,Inf,-6.166434443390879,3.4380318980620217e-7
Stage 11 Late Control DMEL / (Stages 8-10 Late Control DMEL),3.000142326160052,3.0271951851822956,Inf,1.0888414374279576,0.9999999320195052
Stage 11 Late Control DMEL / Stage 11 Early HighTemp DMEL,1.766668480409756,1.060020958532907,Inf,0.9484748178932894,0.99999999803739
Stage 11 Late Control DMEL / (Stage 12-14 Early HighTemp DMEL),0.679479176844619,0.36865306587442814,Inf,-0.7122421402630058,0.9999999999994174
Stage 11 Late Control DMEL / (Stages 1-7 Early HighTemp DMEL),0.04206370687978555,0.019956867453905257,Inf,-6.678492962467414,1.1944669364716276e-8
Stage 11 Late Control DMEL / (Stages 8-10 Early HighTemp DMEL),0.5196095463333265,0.2735539941766571,Inf,-1.2435451477428328,0.9999983114938547
Stage 11 Late Control DMEL / Stage 11 Late HighTemp DMEL,0.3854243225349946,0.19679545889262273,Inf,-1.8672563148729842,0.9945178304587319
Stage 11 Late Control DMEL / (Stage 12-14 Late HighTemp DMEL),0.5606144220541824,0.31496083082202325,Inf,-1.0300958718210542,0.999999983265447
Stage 11 Late Control DMEL / (Stages 1-7 Late HighTemp DMEL),0.0411112249580617,0.01960160610190039,Inf,-6.6936050151995765,1.0774278469405374e-8
Stage 11 Late Control DMEL / (Stages 8-10 Late HighTemp DMEL),0.41111452133532755,0.22029447719847328,Inf,-1.658838223676479,0.9992777451220773
Stage 11 Late Control DMEL / Stage 11 Early Control DPSE,454523726.3691986,540712649.3195251,Inf,16.757184646925353,0
Stage 11 Late Control DMEL / (Stage 12-14 Early Control DPSE),454189159.9880488,891681020.3445419,Inf,10.153650862864174,3.0619951019161817e-13
Stage 11 Late Control DMEL / (Stages 1-7 Early Control DPSE),0.03797118816996593,0.017894689771424905,Inf,-6.940662814832505,1.9332612177791475e-9
Stage 11 Late Control DMEL / (Stages 8-10 Early Control DPSE),454127874.8976214,1411009036.219314,Inf,6.415646243087039,6.924333639801716e-8
Stage 11 Late Control DMEL / Stage 11 Late Control DPSE,0.8750070302594698,0.5660648085862926,Inf,-0.2063966444246322,1
Stage 11 Late Control DMEL / (Stage 12-14 Late Control DPSE),0.16666732187221645,0.08652920551479168,Inf,-3.451171141488612,0.1405572559530499
Stage 11 Late Control DMEL / (Stages 1-7 Late Control DPSE),0.05303019920500095,0.02573853850695655,Inf,-6.05100633732513,7.070412698650941e-7
Stage 11 Late Control DMEL / (Stages 8-10 Late Control DPSE),0.3181824736615747,0.1772181195080664,Inf,-2.05599954893942,0.9775289008863525
Stage 11 Late Control DMEL / Stage 11 Early HighTemp DPSE,1.35715316693409,0.8117505745436316,Inf,0.5105755334701749,1
Stage 11 Late Control DMEL / (Stage 12-14 Early HighTemp DPSE),0.8636453331104573,0.4808049418418235,Inf,-0.2633176695271417,1
Stage 11 Late Control DMEL / (Stages 1-7 Early HighTemp DPSE),0.04398155995133183,0.02086847584481498,Inf,-6.583984709095327,2.2647783759488505e-8
Stage 11 Late Control DMEL / (Stages 8-10 Early HighTemp DPSE),0.5277800142577054,0.2772916383935943,Inf,-1.2163778017074216,0.9999989947112988
Stage 11 Late Control DMEL / Stage 11 Late HighTemp DPSE,0.33950637453579663,0.17281527656732282,Inf,-2.1222430747426673,0.9659854779858476
Stage 11 Late Control DMEL / (Stage 12-14 Late HighTemp DPSE),0.13480421458769648,0.06533121073914257,Inf,-4.134906600079904,0.013443071749452695
Stage 11 Late Control DMEL / (Stages 1-7 Late HighTemp DPSE),0.0645542381725982,0.03079032485545545,Inf,-5.745139751996291,4.47393889346781e-6
Stage 11 Late Control DMEL / (Stages 8-10 Late HighTemp DPSE),0.3055566589843362,0.1540093584575639,Inf,-2.352286291486562,0.8906963570287084
(Stage 12-14 Late Control DMEL) / (Stages 1-7 Late Control DMEL),0.04999984822722415,0.0279885068937212,Inf,-5.351707804507589,4.160334969460777e-5
(Stage 12-14 Late Control DMEL) / (Stages 8-10 Late Control DMEL),3.000128512571453,3.1879990744867177,Inf,1.033910766535984,0.9999999816082199
(Stage 12-14 Late Control DMEL) / Stage 11 Early HighTemp DMEL,1.76666034611847,1.1781954125356717,Inf,0.8533307899936564,0.9999999998842668
(Stage 12-14 Late Control DMEL) / (Stage 12-14 Early HighTemp DMEL),0.6794760483111061,0.41362347963661805,Inf,-0.6348096303788201,1
(Stage 12-14 Late Control DMEL) / (Stages 1-7 Early HighTemp DMEL),0.04206351320539326,0.023100791826388228,Inf,-5.769558889952595,3.874862875674623e-6
(Stage 12-14 Late Control DMEL) / (Stages 8-10 Early HighTemp DMEL),0.5196071538893271,0.3095714926176315,Inf,-1.0988659368683162,0.9999999145753613
(Stage 12-14 Late Control DMEL) / Stage 11 Late HighTemp DMEL,0.38542254792150993,0.23130090751540094,Inf,-1.5886995428477908,0.9996798722399145
(Stage 12-14 Late Control DMEL) / (Stage 12-14 Late HighTemp DMEL),0.5606118408109788,0.3440788873285665,Inf,-0.9429260294036419,0.9999999983187005
(Stage 12-14 Late Control DMEL) / (Stages 1-7 Late HighTemp DMEL),0.04111103566919249,0.022650444496102706,Inf,-5.792601293547948,3.3814020860001293e-6
(Stage 12-14 Late Control DMEL) / (Stages 8-10 Late HighTemp DMEL),0.4111126284361756,0.2476251602217719,Inf,-1.475751128206906,0.9999265460885389
(Stage 12-14 Late Control DMEL) / Stage 11 Early Control DPSE,454521633.6005621,555789318.6443061,Inf,16.302540531133275,0
(Stage 12-14 Late Control DMEL) / (Stage 12-14 Early Control DPSE),454187068.75986,891299942.4707363,Inf,10.157942968902718,3.0453417565468044e-13
(Stage 12-14 Late Control DMEL) / (Stages 1-7 Early Control DPSE),0.03797101333880294,0.020748748260791077,Inf,-5.98593270731788,1.0553374699684426e-6
(Stage 12-14 Late Control DMEL) / (Stages 8-10 Early Control DPSE),454125783.9516082,1430550443.2627866,Inf,6.3279775230489195,1.2254051817706113e-7
(Stage 12-14 Late Control DMEL) / Stage 11 Late Control DPSE,0.875003001454892,0.6421514982702382,Inf,-0.1819467340488867,1
(Stage 12-14 Late Control DMEL) / (Stage 12-14 Late Control DPSE),0.1666665544840171,0.09741324745705232,Inf,-3.0655634339120232,0.36267414079966764
(Stage 12-14 Late Control DMEL) / (Stages 1-7 Late Control DPSE),0.053029955037466346,0.029621576091133046,Inf,-5.257775150545488,6.913694459864672e-5
(Stage 12-14 Late Control DMEL) / (Stages 8-10 Late Control DPSE),0.3181810086504809,0.1982436190945565,Inf,-1.8379414319403489,0.9957429733890499
(Stage 12-14 Late Control DMEL) / Stage 11 Early HighTemp DPSE,1.3571469181787055,0.8907758674744329,Inf,0.465270603674651,1
(Stage 12-14 Late Control DMEL) / (Stage 12-14 Early HighTemp DPSE),0.8636413566186677,0.5368349326320866,Inf,-0.23584126636206273,1
(Stage 12-14 Late Control DMEL) / (Stages 1-7 Early HighTemp DPSE),0.043981357446547346,0.02414995152543246,Inf,-5.689340436238047,6.199350293001338e-6
(Stage 12-14 Late Control DMEL) / (Stages 8-10 Early HighTemp DPSE),0.5277775841943299,0.3132996146890241,Inf,-1.0765805471516954,0.9999999488027385
(Stage 12-14 Late Control DMEL) / Stage 11 Late HighTemp DPSE,0.3395048113428295,0.19584809675118117,Inf,-1.8726549020347631,0.9942625137980047
(Stage 12-14 Late Control DMEL) / (Stage 12-14 Late HighTemp DPSE),0.13480359390715557,0.07528909480542516,Inf,-3.5880074272676077,0.09360202161755249
(Stage 12-14 Late Control DMEL) / (Stages 1-7 Late HighTemp DPSE),0.06455394094480314,0.03558740963882279,Inf,-4.970696205429133,3.0727821921661125e-4
(Stage 12-14 Late Control DMEL) / (Stages 8-10 Late HighTemp DPSE),0.30555525210642104,0.1755722860465405,Inf,-2.063388531697664,0.9764200279042843
(Stages 1-7 Late Control DMEL) / (Stages 8-10 Late Control DMEL),60.002752387114825,55.38423943084377,Inf,4.435823222083815,0.0038238760703763752
(Stages 1-7 Late Control DMEL) / Stage 11 Early HighTemp DMEL,35.33331417507285,14.323356124436081,Inf,8.793827734502159,2.452482661396971e-13
(Stages 1-7 Late Control DMEL) / (Stage 12-14 Early HighTemp DMEL),13.589562216733727,4.088498278861794,Inf,8.672933102354483,2.717825964282383e-13
(Stages 1-7 Late Control DMEL) / (Stages 1-7 Early HighTemp DMEL),0.8412728177540811,0.12300191166165929,Inf,-1.1821359662800344,0.9999994906785088
(Stages 1-7 Late Control DMEL) / (Stages 8-10 Early HighTemp DMEL),10.392174622770336,2.8443734637954217,Inf,8.55324828027688,2.957634137601417e-13
(Stages 1-7 Late Control DMEL) / Stage 11 Late HighTemp DMEL,7.708474357161215,2.121191476794835,Inf,7.421854063294879,5.7445825873969625e-11
(Stages 1-7 Late Control DMEL) / (Stage 12-14 Late HighTemp DMEL),11.212270850568986,3.64309452493596,Inf,7.438774102236091,5.057232410621282e-11
(Stages 1-7 Late Control DMEL) / (Stages 1-7 Late HighTemp DMEL),0.8222232092058264,0.12531284062369835,Inf,-1.2843436203665635,0.9999964407743855
(Stages 1-7 Late Control DMEL) / (Stages 8-10 Late HighTemp DMEL),8.222277527081195,2.3605670928321882,Inf,7.3385258925329175,1.072428812420867e-10
(Stages 1-7 Late Control DMEL) / Stage 11 Early Control DPSE,9090460265.69901,10000062181.56076,Inf,20.84474245873543,0
(Stages 1-7 Late Control DMEL) / (Stage 12-14 Early Control DPSE),9083768948.573774,17264569052.595387,Inf,12.064511779468306,0
(Stages 1-7 Late Control DMEL) / (Stages 1-7 Early Control DPSE),0.7594225719694946,0.10284039413596917,Inf,-2.032185364316275,0.980825436887655
(Stages 1-7 Late Control DMEL) / (Stages 8-10 Early Control DPSE),9082543248.68818,28263259265.771065,Inf,7.368550956166565,8.57017790067971e-11
(Stages 1-7 Late Control DMEL) / Stage 11 Late Control DPSE,17.50011314991285,8.71647756549833,Inf,5.746467199386514,4.439182402671271e-6
(Stages 1-7 Late Control DMEL) / (Stage 12-14 Late Control DPSE),3.3333412078893025,0.8431405313641889,Inf,4.7598945693069235,8.651492354548873e-4
(Stages 1-7 Late Control DMEL) / (Stages 1-7 Late Control DPSE),1.0606023201604913,0.18899995517988136,Inf,0.3301727259425064,1
(Stages 1-7 Late Control DMEL) / (Stages 8-10 Late Control DPSE),6.363639489554216,2.0934112985385136,Inf,5.625532917412679,8.966124192988367e-6
(Stages 1-7 Late Control DMEL) / Stage 11 Early HighTemp DPSE,27.14302075500621,10.52162507053794,Inf,8.51601979175492,3.0475622025960547e-13
(Stages 1-7 Late Control DMEL) / (Stage 12-14 Early HighTemp DPSE),17.27287956343092,5.624511614374849,Inf,8.749703845874137,2.554623179662485e-13
(Stages 1-7 Late Control DMEL) / (Stages 1-7 Early HighTemp DPSE),0.8796298190081342,0.12816836118826125,Inf,-0.8802183902427076,0.999999999731962
(Stages 1-7 Late Control DMEL) / (Stages 8-10 Early HighTemp DPSE),10.555583724891449,2.833995789358899,Inf,8.777666175953312,2.5157653738006047e-13
(Stages 1-7 Late Control DMEL) / Stage 11 Late HighTemp DPSE,6.790116837954207,1.5667465060675652,Inf,8.301440264410171,3.951283744640932e-13
(Stages 1-7 Late Control DMEL) / (Stage 12-14 Late HighTemp DPSE),2.69608006197421,0.4767944268734064,Inf,5.608222453773492,9.902898612024202e-6
(Stages 1-7 Late Control DMEL) / (Stages 1-7 Late HighTemp DPSE),1.2910827379202823,0.1985161696935426,Inf,1.6615642200753973,0.9992556151525406
(Stages 1-7 Late Control DMEL) / (Stages 8-10 Late HighTemp DPSE),6.111123592172244,1.3645042243481047,Inf,8.106834483760961,6.5625282985593e-13
(Stages 8-10 Late Control DMEL) / Stage 11 Early HighTemp DMEL,0.588861556668531,0.583756885569702,Inf,-0.5341949531297334,1
(Stages 8-10 Late Control DMEL) / (Stage 12-14 Early HighTemp DMEL),0.22648231416217485,0.21602950579390925,Inf,-1.5569459408967672,0.9997838735439446
(Stages 8-10 Late Control DMEL) / (Stages 1-7 Early HighTemp DMEL),0.01402057046194332,0.012854511398874193,Inf,-4.654318857911758,0.0014242511249886736
(Stages 8-10 Late Control DMEL) / (Stages 8-10 Early HighTemp DMEL),0.1731949653863209,0.16481411468649942,Inf,-1.8424951192957115,0.9955695347732645
(Stages 8-10 Late Control DMEL) / Stage 11 Late HighTemp DMEL,0.1284686793603914,0.12164995257782422,Inf,-2.1670928419088025,0.9559120235120648
(Stages 8-10 Late Control DMEL) / (Stage 12-14 Late HighTemp DMEL),0.1868626088722014,0.1797612592543816,Inf,-1.7436454961769896,0.9982390141656932
(Stages 8-10 Late Control DMEL) / (Stages 1-7 Late HighTemp DMEL),0.013703091549886854,0.012579642707491694,Inf,-4.6732723449130145,0.0013036325664447235
(Stages 8-10 Late Control DMEL) / (Stages 8-10 Late HighTemp DMEL),0.13703167271451486,0.1295005915472818,Inf,-2.1031283715554583,0.9697015882855341
(Stages 8-10 Late Control DMEL) / Stage 11 Early Control DPSE,151500721.28443104,220568182.77949023,Inf,12.937871832735814,0
(Stages 8-10 Late Control DMEL) / (Stage 12-14 Early Control DPSE),151389204.44796878,322201068.71434504,Inf,8.849973317550738,2.3880897259687117e-13
(Stages 8-10 Late Control DMEL) / (Stages 1-7 Early Control DPSE),0.0126564622747635,0.011583942018588847,Inf,-4.7741535021281996,8.079828921963017e-4
(Stages 8-10 Late Control DMEL) / (Stages 8-10 Early Control DPSE),151368777.05361053,530739460.45180017,Inf,5.371874318794284,3.7258771952708436e-5
(Stages 8-10 Late Control DMEL) / Stage 11 Late Control DPSE,0.29165517336619506,0.2978469350366899,Inf,-1.206567970925113,0.999999170112065
(Stages 8-10 Late Control DMEL) / (Stage 12-14 Late Control DPSE),0.05555313840244959,0.05221356251747572,Inf,-3.075286030286017,0.3554712523325161
(Stages 8-10 Late Control DMEL) / (Stages 1-7 Late Control DPSE),0.017675894487604336,0.016307041299781583,Inf,-4.3743077523378116,0.004993997450240983
(Stages 8-10 Late Control DMEL) / (Stages 8-10 Late Control DPSE),0.10605579304926624,0.10261389762442452,Inf,-2.31905161599713,0.9054478659246242
(Stages 8-10 Late Control DMEL) / Stage 11 Early HighTemp DPSE,0.4523629279518682,0.4457859387879758,Inf,-0.8049741530603564,0.9999999999765854
(Stages 8-10 Late Control DMEL) / (Stage 12-14 Early HighTemp DPSE),0.287868120648748,0.27692676207877803,Inf,-1.294452676939649,0.9999957437006641
(Stages 8-10 Late Control DMEL) / (Stages 1-7 Early HighTemp DPSE),0.014659824491601628,0.013440716036097373,Inf,-4.605649572047419,0.0017839755548663128
(Stages 8-10 Late Control DMEL) / (Stages 8-10 Early HighTemp DPSE),0.1759183254926517,0.16604072459843772,Inf,-1.841111639874545,0.9956228516705186
(Stages 8-10 Late Control DMEL) / Stage 11 Late HighTemp DPSE,0.11316342280679009,0.10581743053679038,Inf,-2.330186081889967,0.9006603538016948
(Stages 8-10 Late Control DMEL) / (Stage 12-14 Late HighTemp DPSE),0.04493260650078403,0.041441196280556154,Inf,-3.3639840916974575,0.1788026482264572
(Stages 8-10 Late Control DMEL) / (Stages 1-7 Late HighTemp DPSE),0.021517058577425086,0.01975597836083029,Inf,-4.181115883042017,0.011173392298414075
(Stages 8-10 Late Control DMEL) / (Stages 8-10 Late HighTemp DPSE),0.1018473878122392,0.09487076475256852,Inf,-2.452261554372797,0.8379693155614193
Stage 11 Early HighTemp DMEL / (Stage 12-14 Early HighTemp DMEL),0.3846104599585218,0.1770746757670439,Inf,-2.0754216795881706,0.9745227423011817
Stage 11 Early HighTemp DMEL / (Stages 1-7 Early HighTemp DMEL),0.023809620959575513,0.009295804869267687,Inf,-9.573393695839176,2.511324481702104e-13
Stage 11 Early HighTemp DMEL / (Stages 8-10 Early HighTemp DMEL),0.2941183091763825,0.13297757784591513,Inf,-2.706727739161078,0.6554197012417067
Stage 11 Early HighTemp DMEL / Stage 11 Late HighTemp DMEL,0.21816448689094195,0.0959268335624141,Inf,-3.4626050105238146,0.13604325382316618
Stage 11 Early HighTemp DMEL / (Stage 12-14 Late HighTemp DMEL),0.31732859235941935,0.15547555668063973,Inf,-2.3427174713087187,0.8950860169867381
Stage 11 Early HighTemp DMEL / (Stages 1-7 Late HighTemp DMEL),0.023270480802672428,0.009150497361246759,Inf,-9.563443401957004,2.5157653738006047e-13
Stage 11 Early HighTemp DMEL / (Stages 8-10 Late HighTemp DMEL),0.2327060939242969,0.10817794532440905,Inf,-3.1363195336188014,0.31193922484460956
Stage 11 Early HighTemp DMEL / Stage 11 Early Control DPSE,257277316.83070368,298269232.49830544,Inf,16.70419143696187,0
Stage 11 Early HighTemp DMEL / (Stage 12-14 Early Control DPSE),257087939.82824975,498238942.3874679,Inf,9.99217286520095,2.5768276401549883e-13
Stage 11 Early HighTemp DMEL / (Stages 1-7 Early Control DPSE),0.021493103313395278,0.008310850583147733,Inf,-9.93087457458569,2.807754029277021e-13
Stage 11 Early HighTemp DMEL / (Stages 8-10 Early Control DPSE),257053250.19003695,805538733.7575759,Inf,6.179446105118032,3.166977848856334e-7
Stage 11 Early HighTemp DMEL / Stage 11 Late Control DPSE,0.4952864897756726,0.30671376423579255,Inf,-1.1346007171387573,0.9999998117586708
Stage 11 Early HighTemp DMEL / (Stage 12-14 Late Control DPSE),0.09433989665880047,0.04168088716152237,Inf,-5.343515065099347,4.3504402333360837e-5
Stage 11 Early HighTemp DMEL / (Stages 1-7 Late Control DPSE),0.030017063072694472,0.01211790600356268,Inf,-8.684627658996474,2.673417043297377e-13
Stage 11 Early HighTemp DMEL / (Stages 8-10 Late Control DPSE),0.1801031020759347,0.08815896673633877,Inf,-3.5020531225084137,0.12132455313568546
Stage 11 Early HighTemp DMEL / Stage 11 Early HighTemp DPSE,0.7681991171424056,0.3942198103023934,Inf,-0.5138731007917102,1
Stage 11 Early HighTemp DMEL / (Stage 12-14 Early HighTemp DPSE),0.48885534704855654,0.23983729748427327,Inf,-1.4587732000595701,0.9999422170970147
Stage 11 Early HighTemp DMEL / (Stages 1-7 Early HighTemp DPSE),0.024895197055381253,0.009719046909998849,Inf,-9.459771594783774,2.822186928597148e-13
Stage 11 Early HighTemp DMEL / (Stages 8-10 Early HighTemp DPSE),0.2987430975930999,0.1348674551683284,Inf,-2.6762040571435906,0.6800345520838368
Stage 11 Early HighTemp DMEL / Stage 11 Late HighTemp DPSE,0.19217322225449593,0.08297189112318795,Inf,-3.820118587326521,0.04355287934443153
Stage 11 Early HighTemp DMEL / (Stage 12-14 Late HighTemp DPSE),0.07630419407065572,0.030746973216869894,Inf,-6.3854343877423725,8.43694746288648e-8
Stage 11 Early HighTemp DMEL / (Stages 1-7 Late HighTemp DPSE),0.03654009730089579,0.014379637211416357,Inf,-8.409377017367865,3.3995029014022293e-13
Stage 11 Early HighTemp DMEL / (Stages 8-10 Late HighTemp DPSE),0.17295642185989885,0.07350868386304937,Inf,-4.1286187951346,0.013782391389611126
(Stage 12-14 Early HighTemp DMEL) / (Stages 1-7 Early HighTemp DMEL),0.061905807143527135,0.017363763018816394,Inf,-9.918973317139884,2.8177460364986473e-13
(Stage 12-14 Early HighTemp DMEL) / (Stages 8-10 Early HighTemp DMEL),0.7647173953825946,0.2780218533487769,Inf,-0.7378363301893897,0.9999999999979665
(Stage 12-14 Early HighTemp DMEL) / Stage 11 Late HighTemp DMEL,0.5672349288536507,0.2073258120926479,Inf,-1.5512387719229483,0.9997989474308836
(Stage 12-14 Early HighTemp DMEL) / (Stage 12-14 Late HighTemp DMEL),0.8250649043545035,0.3312846438614849,Inf,-0.47890656340380044,1
(Stage 12-14 Early HighTemp DMEL) / (Stages 1-7 Late HighTemp DMEL),0.06050402478700665,0.01717555651384348,Inf,-9.881283073069934,2.965405698773793e-13
(Stage 12-14 Early HighTemp DMEL) / (Stages 8-10 Late HighTemp DMEL),0.6050435912465643,0.22624756053346953,Inf,-1.3436920111418451,0.9999901494463892
(Stage 12-14 Early HighTemp DMEL) / Stage 11 Early Control DPSE,668929588.8064234,752806908.282063,Inf,18.057013951196996,0
(Stage 12-14 Early HighTemp DMEL) / (Stage 12-14 Early Control DPSE),668437202.2954732,1279959165.8738353,Inf,10.612015697669491,3.0231372960543013e-13
(Stage 12-14 Early HighTemp DMEL) / (Stages 1-7 Early Control DPSE),0.0558827841440225,0.015371152009594007,Inf,-10.486776172210977,2.879918525877656e-13
(Stage 12-14 Early HighTemp DMEL) / (Stages 8-10 Early Control DPSE),668347008.0812635,2085845715.7840765,Inf,6.511039470674991,3.6884696075212275e-8
(Stage 12-14 Early HighTemp DMEL) / Stage 11 Late Control DPSE,1.2877613620521051,0.7119495071743608,Inf,0.45745058084222,1
(Stage 12-14 Early HighTemp DMEL) / (Stage 12-14 Late Control DPSE),0.24528687199244273,0.08543125936561342,Inf,-4.034919174389327,0.019847078917669236
(Stage 12-14 Early HighTemp DMEL) / (Stages 1-7 Late Control DPSE),0.07804536329025384,0.02329252793845444,Inf,-8.545743561477499,2.987610159266296e-13
(Stage 12-14 Early HighTemp DMEL) / (Stages 8-10 Late Control DPSE),0.4682740612290104,0.19052835817752733,Inf,-1.864710645374323,0.9946348572348341
(Stage 12-14 Early HighTemp DMEL) / Stage 11 Early HighTemp DPSE,1.9973432787689962,0.914818305002976,Inf,1.510461584366032,0.9998818957544886
(Stage 12-14 Early HighTemp DMEL) / (Stage 12-14 Early HighTemp DPSE),1.271040176861745,0.5109150190146526,Inf,0.5966563416984623,1
(Stage 12-14 Early HighTemp DMEL) / (Stages 1-7 Early HighTemp DPSE),0.06472834113265162,0.018141172503808038,Inf,-9.767696508579908,3.489430966396867e-13
(Stage 12-14 Early HighTemp DMEL) / (Stages 8-10 Early HighTemp DPSE),0.77674199923038445,0.27944429541122534,Inf,-0.7022564541156445,0.9999999999998347
(Stage 12-14 Early HighTemp DMEL) / Stage 11 Late HighTemp DPSE,0.4996567755209279,0.16607173458737,Inf,-2.087524362351272,0.9724963209928177
(Stage 12-14 Early HighTemp DMEL) / (Stage 12-14 Late HighTemp DPSE),0.198393444834768,0.05907367379583151,Inf,-5.432233960495388,2.6713075548689957e-5
(Stage 12-14 Early HighTemp DMEL) / (Stages 1-7 Late HighTemp DPSE),0.09500546944260552,0.027033042886066408,Inf,-8.272315201305215,4.2077452633293433e-13
(Stage 12-14 Early HighTemp DMEL) / (Stages 8-10 Late HighTemp DPSE),0.44969245474642394,0.14720466357206183,Inf,-2.4414330189094056,0.8442764174232398
(Stages 1-7 Early HighTemp DMEL) / (Stages 8-10 Early HighTemp DMEL),12.35291858176755,3.1026334339817767,Inf,10.00888705581622,2.476907567938724e-13
(Stages 1-7 Early HighTemp DMEL) / Stage 11 Late HighTemp DMEL,9.162871062136869,2.314396626474952,Inf,8.76998403714255,2.530198273120732e-13
(Stages 1-7 Early HighTemp DMEL) / (Stage 12-14 Late HighTemp DMEL),13.327746497862636,4.080091636152221,Inf,8.459819424673736,3.2729374765949615e-13
(Stages 1-7 Early HighTemp DMEL) / (Stages 1-7 Late HighTemp DMEL),0.9773562058035931,0.10439525684442535,Inf,-0.2144299165102503,1
(Stages 1-7 Early HighTemp DMEL) / (Stages 8-10 Late HighTemp DMEL),9.773616065513613,2.5963695064247188,Inf,8.581513806300263,2.913225216616411e-13
(Stages 1-7 Early HighTemp DMEL) / Stage 11 Early Control DPSE,10805603216.763285,11821433395.925535,Inf,21.118033292563272,0
(Stages 1-7 Early HighTemp DMEL) / (Stage 12-14 Early Control DPSE),10797649415.114134,20483960558.31305,Inf,12.178002058136254,0
(Stages 1-7 Early HighTemp DMEL) / (Stages 1-7 Early Control DPSE),0.9027066558466735,0.07276447943481117,Inf,-1.2698354705555601,0.9999972576879559
(Stages 1-7 Early HighTemp DMEL) / (Stages 8-10 Early Control DPSE),10796192456.254028,33574865966.067917,Inf,7.428729505576371,5.454570128904379e-11
(Stages 1-7 Early HighTemp DMEL) / Stage 11 Late Control DPSE,20.80194769234591,10.114786582084001,Inf,6.241840156427578,2.1310530551321705e-7
(Stages 1-7 Early HighTemp DMEL) / (Stage 12-14 Late Control DPSE),3.962259492453608,0.9047136400057452,Inf,6.029859448068094,8.057067285571762e-7
(Stages 1-7 Early HighTemp DMEL) / (Stages 1-7 Late Control DPSE),1.260711504969276,0.17789334709827556,Inf,1.6418652869043417,0.9994028983355754
(Stages 1-7 Early HighTemp DMEL) / (Stages 8-10 Late Control DPSE),7.564299422561897,2.3483342777043497,Inf,6.5177705602160385,3.526928404884444e-8
(Stages 1-7 Early HighTemp DMEL) / Stage 11 Early HighTemp DPSE,32.26423127216811,12.001737292301158,Inf,9.339033271357632,3.157474282033945e-13
(Stages 1-7 Early HighTemp DMEL) / (Stage 12-14 Early HighTemp DPSE),20.531840799924773,6.301383090691111,Inf,9.846528537038154,3.1386004906153175e-13
(Stages 1-7 Early HighTemp DMEL) / (Stages 1-7 Early HighTemp DPSE),1.0455940099865029,0.10133371684364811,Inf,0.46004402052302745,1
(Stages 1-7 Early HighTemp DMEL) / (Stages 8-10 Early HighTemp DPSE),12.547158902710477,3.0796206452227604,Inf,10.305803880107806,3.2651659154225854e-13
(Stages 1-7 Early HighTemp DMEL) / Stage 11 Late HighTemp DPSE,8.071242401580932,1.6420354109799007,Inf,10.264842835731232,3.573807916268379e-13
(Stages 1-7 Early HighTemp DMEL) / (Stage 12-14 Late HighTemp DPSE),3.204763074565808,0.4467762047169635,Inf,8.354046933664014,3.652633751016765e-13
(Stages 1-7 Early HighTemp DMEL) / (Stages 1-7 Late HighTemp DPSE),1.5346778246883623,0.16672527738388315,Inf,3.942617111221551,0.028064814951606842
(Stages 1-7 Early HighTemp DMEL) / (Stages 8-10 Late HighTemp DPSE),7.264140078229216,1.4163083573888082,Inf,10.170402475027032,2.9953817204386723e-13
(Stages 8-10 Early HighTemp DMEL) / Stage 11 Late HighTemp DMEL,0.7417575855847481,0.2550918362173005,Inf,-0.8686570246535118,0.9999999998124445
(Stages 8-10 Early HighTemp DMEL) / (Stage 12-14 Late HighTemp DMEL),1.0789147851693848,0.41415817740739086,Inf,0.19787062096978608,1
(Stages 8-10 Early HighTemp DMEL) / (Stages 1-7 Late HighTemp DMEL),0.07911945661538923,0.02017078683221491,Inf,-9.950526922554726,2.688960165642129e-13
(Stages 8-10 Early HighTemp DMEL) / (Stages 8-10 Late HighTemp DMEL),0.7911989381957968,0.2772624400644382,Inf,-0.668332185317576,1
(Stages 8-10 Early HighTemp DMEL) / Stage 11 Early Control DPSE,874740908.0079224,978716323.991784,Inf,18.40208802933,0
(Stages 8-10 Early HighTemp DMEL) / (Stage 12-14 Early Control DPSE),874097027.6490823,1670819777.2416313,Inf,10.771073826589,3.306244167333716e-13
(Stages 8-10 Early HighTemp DMEL) / (Stages 1-7 Early Control DPSE),0.07307638675600397,0.017910466043616284,Inf,-10.674546141202821,3.2163161023390785e-13
(Stages 8-10 Early HighTemp DMEL) / (Stages 8-10 Early Control DPSE),873979083.1446755,2729106913.2323294,Inf,6.593357271404545,2.1263889316003315e-8
(Stages 8-10 Early HighTemp DMEL) / Stage 11 Late Control DPSE,1.6839702742839098,0.9071065493478823,Inf,0.9674809306689309,0.9999999966959052
(Stages 8-10 Early HighTemp DMEL) / (Stage 12-14 Late Control DPSE),0.320754926556527,0.10429112184131258,Inf,-3.4971657896935167,0.12307734087439892
(Stages 8-10 Early HighTemp DMEL) / (Stages 1-7 Late Control DPSE),0.10205778469470686,0.027665423593993835,Inf,-8.419098284835217,3.3861802251067274e-13
(Stages 8-10 Early HighTemp DMEL) / (Stages 8-10 Late Control DPSE),0.6123491685379131,0.2370072202330546,Inf,-1.267169224634733,0.9999973873705797
(Stages 8-10 Early HighTemp DMEL) / Stage 11 Early HighTemp DPSE,2.6118711184406997,1.145696957457613,Inf,2.1886860292657984,0.9503377533551762
(Stages 8-10 Early HighTemp DMEL) / (Stage 12-14 Early HighTemp DPSE),1.6621044382360788,0.6389795025387952,Inf,1.321622296997025,0.999993193452549
(Stages 8-10 Early HighTemp DMEL) / (Stages 1-7 Early HighTemp DPSE),0.0846434794389207,0.02123889791512254,Inf,-9.840941573507111,3.1596947280831955e-13
(Stages 8-10 Early HighTemp DMEL) / (Stages 8-10 Early HighTemp DPSE),1.0157242452184232,0.3423381856476889,Inf,0.046291149800576116,1
(Stages 8-10 Early HighTemp DMEL) / Stage 11 Late HighTemp DPSE,0.6533874847595762,0.2011436237616151,Inf,-1.3824543099775333,0.9999816007034465
(Stages 8-10 Early HighTemp DMEL) / (Stage 12-14 Late HighTemp DPSE),0.25943367580321625,0.07009729262084156,Inf,-4.993658983897002,2.736543795157642e-4
(Stages 8-10 Early HighTemp DMEL) / (Stages 1-7 Late HighTemp DPSE),0.12423605114288457,0.0317653440779118,Inf,-8.156789194557147,5.53335155473178e-13
(Stages 8-10 Early HighTemp DMEL) / (Stages 8-10 Late HighTemp DPSE),0.588050510504523,0.17816135216290674,Inf,-1.7524618258767597,0.9980785794980096
Stage 11 Late HighTemp DMEL / (Stage 12-14 Late HighTemp DMEL),1.4545382563480576,0.5559884961417008,Inf,0.9802338757330381,0.9999999953492984
Stage 11 Late HighTemp DMEL / (Stages 1-7 Late HighTemp DMEL),0.10666484327628029,0.02731448442000339,Inf,-8.739784596924824,2.596811654598241e-13
Stage 11 Late HighTemp DMEL / (Stages 8-10 Late HighTemp DMEL),1.066654326928214,0.37537310818526964,Inf,0.183358774661853,1
Stage 11 Late HighTemp DMEL / Stage 11 Early Control DPSE,1179281378.4551187,1320997404.8888988,Inf,18.647297188929837,0
Stage 11 Late HighTemp DMEL / (Stage 12-14 Early Control DPSE),1178413331.5738285,2251966385.670756,Inf,10.93001730056522,2.944311461305915e-13
Stage 11 Late HighTemp DMEL / (Stages 1-7 Early Control DPSE),0.09851788262926334,0.02427963428856114,Inf,-9.403637821120748,2.9665159217984183e-13
Stage 11 Late HighTemp DMEL / (Stages 8-10 Early Control DPSE),1178254324.7679677,3679408288.5408173,Inf,6.688725301826986,1.1139360434064827e-8
Stage 11 Late HighTemp DMEL / Stage 11 Late Control DPSE,2.2702434151130237,1.2293536536734222,Inf,1.514082775848682,0.9998760440039722
Stage 11 Late HighTemp DMEL / (Stage 12-14 Late Control DPSE),0.432425542778463,0.14093128133512928,Inf,-2.572330580921155,0.7591390513392556
Stage 11 Late HighTemp DMEL / (Stages 1-7 Late Control DPSE),0.13758913515424565,0.03746543500677878,Inf,-7.284200864725047,1.6058065988033832e-10
Stage 11 Late HighTemp DMEL / (Stages 8-10 Late Control DPSE),0.8255381278712252,0.32057151657580835,Inf,-0.4937183142929516,1
Stage 11 Late HighTemp DMEL / Stage 11 Early HighTemp DPSE,3.5211923264413794,1.555345276157773,Inf,2.849833908935449,0.536090333857228
Stage 11 Late HighTemp DMEL / (Stage 12-14 Early HighTemp DPSE),2.2407650026602632,0.8629005398150653,Inf,2.0951290972527805,0.971160401205621
Stage 11 Late HighTemp DMEL / (Stages 1-7 Early HighTemp DPSE),0.1141120510040944,0.02878229752784571,Inf,-8.605591597298721,2.815525590449397e-13
Stage 11 Late HighTemp DMEL / (Stages 8-10 Early HighTemp DPSE),1.3693479715717358,0.4627326171605733,Inf,0.9301993393668946,0.9999999988265527
Stage 11 Late HighTemp DMEL / Stage 11 Late HighTemp DPSE,0.88086390683081806,0.2709353267113629,Inf,-0.4124211990431522,1
Stage 11 Late HighTemp DMEL / (Stage 12-14 Late HighTemp DPSE),0.34975533900161926,0.0949778758055892,Inf,-3.8685374398465804,0.0367121895950373
Stage 11 Late HighTemp DMEL / (Stages 1-7 Late HighTemp DPSE),0.1674887504452628,0.0430399447650016,Inf,-6.95343472941247,1.7660707340994009e-9
Stage 11 Late HighTemp DMEL / (Stages 8-10 Late HighTemp DPSE),0.7927799080624789,0.24095230684169472,Inf,-0.7640148330832657,0.9999999999946021
(Stage 12-14 Late HighTemp DMEL) / (Stages 1-7 Late HighTemp DMEL),0.07333244265715372,0.022674952430938224,Inf,-8.449830227613871,3.2951419370874646e-13
(Stage 12-14 Late HighTemp DMEL) / (Stages 8-10 Late HighTemp DMEL),0.7333284788303112,0.28843435297816583,Inf,-0.7885686774589951,0.9999999999869931
(Stage 12-14 Late HighTemp DMEL) / Stage 11 Early Control DPSE,810759959.9449295,916710766.6404865,Inf,18.142592981940385,0
(Stage 12-14 Late HighTemp DMEL) / (Stage 12-14 Early Control DPSE),810163174.7606955,1555673615.8173044,Inf,10.682620984489262,3.100852907778062e-13
(Stage 12-14 Late HighTemp DMEL) / (Stages 1-7 Early Control DPSE),0.06773137949400825,0.020398188770823115,Inf,-8.939362601453167,2.2160051571518125e-13
(Stage 12-14 Late HighTemp DMEL) / (Stages 8-10 Early Control DPSE),810053857.0406789,2530729183.3269906,Inf,6.565823006991063,2.5584629970154538e-8
(Stage 12-14 Late HighTemp DMEL) / Stage 11 Late Control DPSE,1.5608000719162767,0.8818534477100197,Inf,0.7879607894664653,0.9999999999872681
(Stage 12-14 Late HighTemp DMEL) / (Stage 12-14 Late Control DPSE),0.2972940318972178,0.10990923665752056,Inf,-3.2811405822810897,0.22165216010746747
(Stage 12-14 Late HighTemp DMEL) / (Stages 1-7 Late Control DPSE),0.0945929985366585,0.030521224006871288,Inf,-7.308571346134044,1.3402279286367502e-10
(Stage 12-14 Late HighTemp DMEL) / (Stages 8-10 Late Control DPSE),0.5675602716314404,0.24120710594592218,Inf,-1.3327586856341402,0.9999917871745877
(Stage 12-14 Late HighTemp DMEL) / Stage 11 Early HighTemp DPSE,2.4208317045452743,1.1407746449878493,Inf,1.876167512611356,0.9940910704964836
(Stage 12-14 Late HighTemp DMEL) / (Stage 12-14 Early HighTemp DPSE),1.5405335630609012,0.6514985909587473,Inf,1.0218118184190037,0.9999999863909501
(Stage 12-14 Late HighTemp DMEL) / (Stages 1-7 Early HighTemp DPSE),0.07845242330758496,0.02400012010712329,Inf,-8.320043499284216,3.859135233597044e-13
(Stage 12-14 Late HighTemp DMEL) / (Stages 8-10 Early HighTemp DPSE),0.9414313893742396,0.3577732455768884,Inf,-0.15881279370093207,1
(Stage 12-14 Late HighTemp DMEL) / Stage 11 Late HighTemp DPSE,0.6055969329004953,0.21484913501181974,Inf,-1.4136965185419885,0.9999702116296922
(Stage 12-14 Late HighTemp DMEL) / (Stage 12-14 Late HighTemp DPSE),0.24045798553264452,0.07735721604234577,Inf,-4.430137475147061,0.003920223803470901
(Stage 12-14 Late HighTemp DMEL) / (Stages 1-7 Late HighTemp DPSE),0.11514908577638973,0.035677686179052544,Inf,-6.976291143678462,1.5015408916241313e-9
(Stage 12-14 Late HighTemp DMEL) / (Stages 8-10 Late HighTemp DPSE),0.5450388840599693,0.19054134662306532,Inf,-1.7360173568990498,0.9983682912233248
(Stages 1-7 Late HighTemp DMEL) / (Stages 8-10 Late HighTemp DMEL),10.00005525874534,2.691873087941433,Inf,8.55390751144607,2.9620750296999176e-13
(Stages 1-7 Late HighTemp DMEL) / Stage 11 Early Control DPSE,11055951916.608334,12096156684.647161,Inf,21.137502276796095,0
(Stages 1-7 Late HighTemp DMEL) / (Stage 12-14 Early Control DPSE),11047813837.981606,20958864882.681755,Inf,12.189887319412778,0
(Stages 1-7 Late HighTemp DMEL) / (Stages 1-7 Early Control DPSE),0.9236209382887768,0.08465359590472836,Inf,-0.8668851510949792,0.9999999998225274
(Stages 1-7 Late HighTemp DMEL) / (Stages 8-10 Early Control DPSE),11046323123.693964,34354476672.639088,Inf,7.435719064279874,5.174904949001302e-11
(Stages 1-7 Late HighTemp DMEL) / Stage 11 Late Control DPSE,21.28389584966345,10.390130617548195,Inf,6.264127671259162,1.8480959840250222e-7
(Stages 1-7 Late HighTemp DMEL) / (Stage 12-14 Late Control DPSE),4.054058764783505,0.9423875610622792,Inf,6.021451750520932,8.485512759115466e-7
(Stages 1-7 Late HighTemp DMEL) / (Stages 1-7 Late Control DPSE),1.2899201923342831,0.19050104762066644,Inf,1.7238137963305018,0.9985579334663723
(Stages 1-7 Late HighTemp DMEL) / (Stages 8-10 Late Control DPSE),7.739552250903698,2.4263346832932964,Inf,6.527452770814096,3.3066281268645525e-8
(Stages 1-7 Late HighTemp DMEL) / Stage 11 Early HighTemp DPSE,33.01174237251617,12.366612631390186,Inf,9.334613667050624,3.1818991885756986e-13
(Stages 1-7 Late HighTemp DMEL) / (Stage 12-14 Early HighTemp DPSE),21.007531008659495,6.512019552885163,Inf,9.82267196166136,3.2585045772748344e-13
(Stages 1-7 Late HighTemp DMEL) / (Stages 1-7 Early HighTemp DPSE),1.0698187659501317,0.11367626112181908,Inf,0.6351482042344018,1
(Stages 1-7 Late HighTemp DMEL) / (Stages 8-10 Early HighTemp DPSE),12.837856687464386,3.2002918585264597,Inf,10.238855016781978,2.630118345336996e-13
(Stages 1-7 Late HighTemp DMEL) / Stage 11 Late HighTemp DPSE,8.258240295251072,1.7181644165709744,Inf,10.147394465688661,3.065325770990057e-13
(Stages 1-7 Late HighTemp DMEL) / (Stage 12-14 Late HighTemp DPSE),3.279012355511486,0.47897216263951614,Inf,8.129837319172479,6.042943923034727e-13
(Stages 1-7 Late HighTemp DMEL) / (Stages 1-7 Late HighTemp DPSE),1.5702338774495561,0.18382135171738465,Inf,3.8544386006307017,0.03859989462002922
(Stages 1-7 Late HighTemp DMEL) / (Stages 8-10 Late HighTemp DPSE),7.4324386903100095,1.4849296826680318,Inf,10.039793298855322,3.738120923912902e-13
(Stages 8-10 Late HighTemp DMEL) / Stage 11 Early Control DPSE,1105589082.3142784,1237929220.5640619,Inf,18.597503983551576,0
(Stages 8-10 Late HighTemp DMEL) / (Stage 12-14 Early Control DPSE),1104775278.9485807,2112350353.891726,Inf,10.89053892643735,3.198552533945076e-13
(Stages 8-10 Late HighTemp DMEL) / (Stages 1-7 Early Control DPSE),0.09236158345035579,0.02400476214067106,Inf,-9.165238475691915,3.781419621873283e-13
(Stages 8-10 Late HighTemp DMEL) / (Stages 8-10 Early Control DPSE),1104626208.3435624,3435458154.1520147,Inf,6.695287667388338,1.0651117654525422e-8
(Stages 8-10 Late HighTemp DMEL) / Stage 11 Late Control DPSE,2.1283778238175293,1.16224045260245,Inf,1.3832694360508464,0.9999813634335577
(Stages 8-10 Late HighTemp DMEL) / (Stage 12-14 Late Control DPSE),0.40540363626872084,0.13638762067406932,Inf,-2.683730536925237,0.6740111062190033
(Stages 8-10 Late HighTemp DMEL) / (Stages 1-7 Late Control DPSE),0.12899130644365298,0.036702174044093,Inf,-7.1978166706226565,3.0342639512070946e-10
(Stages 8-10 Late HighTemp DMEL) / (Stages 8-10 Late Control DPSE),0.7739509483345338,0.30680927891036675,Inf,-0.6464030043892267,1
(Stages 8-10 Late HighTemp DMEL) / Stage 11 Early HighTemp DPSE,3.3011559954777696,1.4717872398377496,Inf,2.6787027405508117,0.678038419500304
(Stages 8-10 Late HighTemp DMEL) / (Stage 12-14 Early HighTemp DPSE),2.100741492432034,0.827584364781526,Inf,1.8842310881423248,0.9936811415564639
(Stages 8-10 Late HighTemp DMEL) / (Stages 1-7 Early HighTemp DPSE),0.10698128542985241,0.028393066819071243,Inf,-8.42156355750812,3.3673064336881e-13
(Stages 8-10 Late HighTemp DMEL) / (Stages 8-10 Early HighTemp DPSE),1.2837785747471055,0.44775838370864784,Inf,0.7162296388912939,0.9999999999993178
(Stages 8-10 Late HighTemp DMEL) / Stage 11 Late HighTemp DPSE,0.8258194661503494,0.26449215073160304,Inf,-0.5975397767038372,1
(Stages 8-10 Late HighTemp DMEL) / (Stage 12-14 Late HighTemp DPSE),0.3278994236200739,0.09302536880208068,Inf,-3.9303656297291427,0.029356879107256928
(Stages 8-10 Late HighTemp DMEL) / (Stages 1-7 Late HighTemp DPSE),0.15702252005821074,0.04238184562163205,Inf,-6.85921430566454,3.4288811789906504e-9
(Stages 8-10 Late HighTemp DMEL) / (Stages 8-10 Late HighTemp DPSE),0.7432397619813275,0.23375030343697883,Inf,-0.9435129309527284,0.9999999982908642
Stage 11 Early Control DPSE / (Stage 12-14 Early Control DPSE),0.9992639187753237,1.5888112732350126,Inf,-4.631199833438398e-4,1
Stage 11 Early Control DPSE / (Stages 1-7 Early Control DPSE),8.35406073810169e-11,9.126775781561138e-11,Inf,-21.2409874038144,0
Stage 11 Early Control DPSE / (Stages 8-10 Early Control DPSE),0.9991290851310682,3.014059469767743,Inf,-2.888249290248259e-4,1
Stage 11 Early Control DPSE / Stage 11 Late Control DPSE,1.9251074905355394e-9,2.0974652389078247e-9,Inf,-18.41918673770401,0
Stage 11 Early Control DPSE / (Stage 12-14 Late Control DPSE),3.6668563642118123e-10,4.078469600409873e-10,Inf,-19.53380116750557,0
Stage 11 Early Control DPSE / (Stages 1-7 Late Control DPSE),1.166720154052548e-10,1.2811759630793256e-10,Inf,-20.828380269097813,0
Stage 11 Early Control DPSE / (Stages 8-10 Late Control DPSE),7.000349051154327e-10,7.929855446899579e-10,Inf,-18.60898920190249,0
Stage 11 Early Control DPSE / Stage 11 Early HighTemp DPSE,2.9858796982397894e-9,3.246296017842524e-9,Inf,-18.054712605278795,0
Stage 11 Early Control DPSE / (Stage 12-14 Early HighTemp DPSE),1.900110561904836e-9,2.14833409912501e-9,Inf,-17.761107267276028,0
Stage 11 Early Control DPSE / (Stages 1-7 Early HighTemp DPSE),9.676405740721797e-11,1.0577987092079729e-10,Inf,-21.09340608681394,0
Stage 11 Early Control DPSE / (Stages 8-10 Early HighTemp DPSE),1.161171537674584e-9,1.2961415191181392e-9,Inf,-18.4314389212258,0
Stage 11 Early Control DPSE / Stage 11 Late HighTemp DPSE,7.469497296605886e-10,8.319699608826294e-10,Inf,-18.8674671659202,0
Stage 11 Early Control DPSE / (Stage 12-14 Late HighTemp DPSE),2.965834493713502e-10,3.256818010086468e-10,Inf,-19.97855905033973,0
Stage 11 Early Control DPSE / (Stages 1-7 Late HighTemp DPSE),1.4202611311023701e-10,1.5545293137509638e-10,Inf,-20.71651870521983,0
Stage 11 Early Control DPSE / (Stages 8-10 Late HighTemp DPSE),6.722567849761479e-10,7.438388660413293e-10,Inf,-19.087896443445246,0
(Stage 12-14 Early Control DPSE) / (Stages 1-7 Early Control DPSE),8.360214535055201e-11,1.5852542360840809e-10,Inf,-12.237682261222913,0
(Stage 12-14 Early Control DPSE) / (Stages 8-10 Early Control DPSE),0.9998650670341217,3.382140148098899,Inf,-3.98930428982991e-5,1
(Stage 12-14 Early Control DPSE) / Stage 11 Late Control DPSE,1.926525569836353e-9,3.7064739247511356e-9,Inf,-10.430572159118073,3.239630785856207e-13
(Stage 12-14 Early Control DPSE) / (Stage 12-14 Late Control DPSE),3.6695574565584526e-10,6.979141200520471e-10,Inf,-11.423181619521957,0
(Stage 12-14 Early Control DPSE) / (Stages 1-7 Late Control DPSE),1.1675795874651956e-10,2.217737934944689e-10,Inf,-12.040925415037146,0
(Stage 12-14 Early Control DPSE) / (Stages 8-10 Late Control DPSE),7.005505672349099e-10,1.344778056534932e-9,Inf,-10.981004349284087,2.6290081223123707e-13
(Stage 12-14 Early Control DPSE) / Stage 11 Early HighTemp DPSE,2.9880791672126285e-9,5.759438887754244e-9,Inf,-10.183616267386776,2.9254376698872875e-13
(Stage 12-14 Early Control DPSE) / (Stage 12-14 Early HighTemp DPSE),1.9015102278821082e-9,3.604610965644891e-9,Inf,-10.592959892399623,3.029798634202052e-13
(Stage 12-14 Early Control DPSE) / (Stages 1-7 Early HighTemp DPSE),9.683533607999159e-11,1.8365664596761563e-10,Inf,-12.157632811135535,0
(Stage 12-14 Early Control DPSE) / (Stages 8-10 Early HighTemp DPSE),1.1620268838463554e-9,2.219545103486433e-9,Inf,-10.770898638829019,3.3006930522105904e-13
(Stage 12-14 Early Control DPSE) / Stage 11 Late HighTemp DPSE,7.474999503394792e-10,1.4252752644463496e-9,Inf,-11.021154150986462,2.0605739337042905e-13
(Stage 12-14 Early Control DPSE) / (Stage 12-14 Late HighTemp DPSE),2.96801919691883e-10,5.640075006772867e-10,Inf,-11.54457606976401,0
(Stage 12-14 Early Control DPSE) / (Stages 1-7 Late HighTemp DPSE),1.4213073287415502e-10,2.696753847656539e-10,Inf,-11.950334878871823,0
(Stage 12-14 Early Control DPSE) / (Stages 8-10 Late HighTemp DPSE),6.727519850812293e-10,1.2810908942331965e-9,Inf,-11.090768611245629,1.4210854715202004e-13
(Stages 1-7 Early Control DPSE) / (Stages 8-10 Early Control DPSE),11959801543.866945,37187616686.684555,Inf,7.462833889689706,4.217404203643582e-11
(Stages 1-7 Early Control DPSE) / Stage 11 Late Control DPSE,23.043972876033784,11.134336457162753,Inf,6.493270508515714,4.150455890084004e-8
(Stages 1-7 Early Control DPSE) / (Stage 12-14 Late Control DPSE),4.389310156063151,0.9727871285428609,Inf,6.6741682947702445,1.2301910934375826e-8
(Stages 1-7 Early Control DPSE) / (Stages 1-7 Late Control DPSE),1.3965904613684497,0.1815195842409531,Inf,2.5700176355260735,0.7607991073804272
(Stages 1-7 Early Control DPSE) / (Stages 8-10 Late Control DPSE),8.379576436674359,2.560376190044736,Inf,6.957290732857067,1.718442499409889e-9
(Stages 1-7 Early Control DPSE) / Stage 11 Early HighTemp DPSE,35.741656564951995,13.153621687153326,Inf,9.717741013516042,3.709255125272648e-13
(Stages 1-7 Early Control DPSE) / (Stage 12-14 Early HighTemp DPSE),22.74475397621545,6.867803604509039,Inf,10.347153790066146,3.0142555118573e-13
(Stages 1-7 Early Control DPSE) / (Stages 1-7 Early HighTemp DPSE),1.1582876931441382,0.09246840869083302,Inf,1.8406505022838535,0.9956405015274954
(Stages 1-7 Early Control DPSE) / (Stages 8-10 Early HighTemp DPSE),13.899486418367166,3.324997146993214,Inf,11.001931129194247,2.3447910280083306e-13
(Stages 1-7 Early Control DPSE) / Stage 11 Late HighTemp DPSE,8.941157517012757,1.7513493450100837,Inf,11.183994442503073,8.526512829121202e-14
(Stages 1-7 Early Control DPSE) / (Stage 12-14 Late HighTemp DPSE),3.5501710924685406,0.45488655742282225,Inf,9.88829364325089,2.984279490192421e-13
(Stages 1-7 Early Control DPSE) / (Stages 1-7 Late HighTemp DPSE),1.7000847559376258,0.15934487045794096,Inf,5.6619190574394995,7.268486866607304e-6
(Stages 1-7 Early Control DPSE) / (Stages 8-10 Late HighTemp DPSE),8.047066044302044,1.505401194777924,Inf,11.14693392282408,1.0658141036401503e-13
(Stages 8-10 Early Control DPSE) / Stage 11 Late Control DPSE,1.926785556726135e-9,6.1731079318732134e-9,Inf,-6.263554995246655,1.8548849445298998e-7
(Stages 8-10 Early Control DPSE) / (Stage 12-14 Late Control DPSE),3.6700526676498315e-10,1.1439861281684946e-9,Inf,-6.96986258147534,1.5717382950697356e-9
(Stages 8-10 Early Control DPSE) / (Stages 1-7 Late Control DPSE),1.167737153702712e-10,3.6332787809011497e-10,Inf,-7.350678211865871,9.794631772308549e-11
(Stages 8-10 Early Control DPSE) / (Stages 8-10 Late Control DPSE),7.006451073572745e-10,2.160418727455673e-9,Inf,-6.836134023137254,4.028624656093882e-9
(Stages 8-10 Early Control DPSE) / Stage 11 Early HighTemp DPSE,2.988482412007948e-9,9.344497323744675e-9,Inf,-6.277429955726833,1.6970488780909676e-7
(Stages 8-10 Early Control DPSE) / (Stage 12-14 Early HighTemp DPSE),1.901766838922095e-9,5.939791631282383e-9,Inf,-6.429248370501904,6.333096658206472e-8
(Stages 8-10 Early Control DPSE) / (Stages 1-7 Early HighTemp DPSE),9.684840412240049e-11,3.011669327284238e-10,Inf,-7.414885488540458,6.053424428387189e-11
(Stages 8-10 Early Control DPSE) / (Stages 8-10 Early HighTemp DPSE),1.1621837007399887e-9,3.614716656243115e-9,Inf,-6.614505918419135,1.843806418655447e-8
(Stages 8-10 Early Control DPSE) / Stage 11 Late HighTemp DPSE,7.476008263362706e-10,2.325295100284076e-9,Inf,-6.756216597826387,7.0110809380352634e-9
(Stages 8-10 Early Control DPSE) / (Stage 12-14 Late HighTemp DPSE),2.968419734597594e-10,9.235599847503391e-10,Inf,-7.051048382720003,8.800152828669638e-10
(Stages 8-10 Early Control DPSE) / (Stages 1-7 Late HighTemp DPSE),1.4214991358359434e-10,4.4210609448156405e-10,Inf,-7.290392336645354,1.5338175174406388e-10
(Stages 8-10 Early Control DPSE) / (Stages 8-10 Late HighTemp DPSE),6.728427737522621e-10,2.1001261088867478e-9,Inf,-6.76631238830487,6.5394134551866046e-9
Stage 11 Late Control DPSE / (Stage 12-14 Late Control DPSE),0.1904754088921935,0.10022424722464589,Inf,-3.151457469189116,0.30161808625806197
Stage 11 Late Control DPSE / (Stages 1-7 Late Control DPSE),0.06060545500905937,0.030107867576031833,Inf,-5.643027909702882,8.106781171468569e-6
Stage 11 Late Control DPSE / (Stages 8-10 Late Control DPSE),0.3636341911072676,0.20746841647977368,Inf,-1.7730643439891838,0.9976533764087974
Stage 11 Late Control DPSE / Stage 11 Early HighTemp DPSE,1.5510197289862315,0.9328255080836552,Inf,0.7297850483800751,0.9999999999988427
Stage 11 Late Control DPSE / (Stage 12-14 Early HighTemp DPSE),0.9870153075848508,0.5592145050468257,Inf,-0.02306811414575712,1
Stage 11 Late Control DPSE / (Stages 1-7 Early HighTemp DPSE),0.05026423609224006,0.024428400762598012,Inf,-6.1532174232438,3.736472020676729e-7
Stage 11 Late Control DPSE / (Stages 8-10 Early HighTemp DPSE),0.6031723129141034,0.3230910174458563,Inf,-0.9438058380966262,0.9999999982768086
Stage 11 Late Control DPSE / Stage 11 Late HighTemp DPSE,0.3880041677323682,0.20009272813384674,Inf,-1.8358426012919982,0.9958209477278308
Stage 11 Late Control DPSE / (Stage 12-14 Late HighTemp DPSE),0.15406072171525567,0.07650659724365746,Inf,-3.7664265205311023,0.05240571963051921
Stage 11 Late Control DPSE / (Stages 1-7 Late HighTemp DPSE),0.07377567944049047,0.03604148530476493,Inf,-5.33587867146678,4.535152901563588e-5
Stage 11 Late Control DPSE / (Stages 8-10 Late HighTemp DPSE),0.3492048045530881,0.1795863978806909,Inf,-2.0457964832632016,0.9789920804864451
(Stage 12-14 Late Control DPSE) / (Stages 1-7 Late Control DPSE),0.31817994439041325,0.07956333274639178,Inf,-4.5794965357984765,0.00201101454593422
(Stage 12-14 Late Control DPSE) / (Stages 8-10 Late Control DPSE),1.9090873369017394,0.7118372727182267,Inf,1.7341943269637023,0.9983979332666997
(Stage 12-14 Late Control DPSE) / Stage 11 Early HighTemp DPSE,8.142886990016061,3.464551468907981,Inf,4.929011196052852,3.786358812593038e-4
(Stage 12-14 Late Control DPSE) / (Stage 12-14 Early HighTemp DPSE),5.181851627595078,1.9165927761330137,Inf,4.44799115522661,0.003625052992604738
(Stage 12-14 Late Control DPSE) / (Stages 1-7 Early HighTemp DPSE),0.26388832230143117,0.06018010476409851,Inf,-5.841793609769978,2.5234982017341423e-6
(Stage 12-14 Late Control DPSE) / (Stages 8-10 Early HighTemp DPSE),3.1666676366369733,1.0155994634729852,Inf,3.5940880246477214,0.09185349629704687
(Stage 12-14 Late Control DPSE) / Stage 11 Late HighTemp DPSE,2.0370302391736734,0.5909428756764877,Inf,2.4525766857199716,0.8377836550304243
(Stage 12-14 Late Control DPSE) / (Stage 12-14 Late HighTemp DPSE),0.8088221078577759,0.20137536095358136,Inf,-0.8522038803288401,0.9999999998883516
(Stage 12-14 Late Control DPSE) / (Stages 1-7 Late HighTemp DPSE),0.38732390637495107,0.0903561861480337,Inf,-4.065846565322275,0.01762139760593784
(Stage 12-14 Late Control DPSE) / (Stages 8-10 Late HighTemp DPSE),1.8333327466472764,0.5205822800161048,Inf,2.1346251564315244,0.9633992334560155
(Stages 1-7 Late Control DPSE) / (Stages 8-10 Late Control DPSE),6.000024107613931,1.9605712188197357,Inf,5.483414228914424,2.008475101922258e-5
(Stages 1-7 Late Control DPSE) / Stage 11 Early HighTemp DPSE,25.592081253319254,9.872360858629465,Inf,8.404957091520965,3.411715354673106e-13
(Stages 1-7 Late Control DPSE) / (Stage 12-14 Early HighTemp DPSE),16.285915309724363,5.266790000517773,Inf,8.628139711956633,2.7977620220553945e-13
(Stages 1-7 Late Control DPSE) / (Stages 1-7 Early HighTemp DPSE),0.8293681828595546,0.11665046243015602,Inf,-1.3301910429401427,0.9999921333760395
(Stages 1-7 Late Control DPSE) / (Stages 8-10 Early HighTemp DPSE),9.952442611377817,2.645101594001325,Inf,8.645755582331622,2.7688962234151404e-13
(Stages 1-7 Late Control DPSE) / Stage 11 Late HighTemp DPSE,6.402132739938492,1.4568375891823313,Inf,8.159042107864614,5.468958619303521e-13
(Stages 1-7 Late Control DPSE) / (Stage 12-14 Late HighTemp DPSE),2.542027309129624,0.439034669034183,Inf,5.401884716194373,3.159326745849622e-5
(Stages 1-7 Late Control DPSE) / (Stages 1-7 Late HighTemp DPSE),1.217310874565044,0.1813636532819199,Inf,1.319873904539623,0.9999933928156484
(Stages 1-7 Late Control DPSE) / (Stages 8-10 Late HighTemp DPSE),5.761936850418642,1.2677324977269742,Inf,7.959666848025084,1.2921885783612197e-12
(Stages 8-10 Late Control DPSE) / Stage 11 Early HighTemp DPSE,4.265329737732775,2.0238556114902466,Inf,3.0570085546587347,0.36906914371151434
(Stages 8-10 Late Control DPSE) / (Stage 12-14 Early HighTemp DPSE),2.7143083123712466,1.1549382473787326,Inf,2.346738198379005,0.8932555853118113
(Stages 8-10 Late Control DPSE) / (Stages 1-7 Early HighTemp DPSE),0.13822747508749175,0.042884555062311265,Inf,-6.3783353204339,8.836708709214491e-8
(Stages 8-10 Late Control DPSE) / (Stages 8-10 Early HighTemp DPSE),1.6587337705440772,0.6363608337289022,Inf,1.3190782362198112,0.999993481741358
(Stages 8-10 Late Control DPSE) / Stage 11 Late HighTemp DPSE,1.0670178361140736,0.38187465233327667,Inf,0.1812505228996251,1
(Stages 8-10 Late Control DPSE) / (Stage 12-14 Late HighTemp DPSE),0.42366951591141677,0.13812862014984817,Inf,-2.6341249595717584,0.7130605048186569
(Stages 8-10 Late Control DPSE) / (Stages 1-7 Late HighTemp DPSE),0.20288433058465496,0.06372808425811657,Inf,-5.078211710346113,1.776753833023781e-4
(Stages 8-10 Late Control DPSE) / (Stages 8-10 Late HighTemp DPSE),0.9603189499033579,0.3395959948079571,Inf,-0.11449820558476884,1
Stage 11 Early HighTemp DPSE / (Stage 12-14 Early HighTemp DPSE),0.6363654111801518,0.2982727547007606,Inf,-0.9643050522252026,0.9999999969684223
Stage 11 Early HighTemp DPSE / (Stages 1-7 Early HighTemp DPSE),0.032407219039756165,0.012052780580309773,Inf,-9.220816387716884,3.6193270602780103e-13
Stage 11 Early HighTemp DPSE / (Stages 8-10 Early HighTemp DPSE),0.3888875825637276,0.16886229019225799,Inf,-2.175090115094118,0.9539045216586208
Stage 11 Early HighTemp DPSE / Stage 11 Late HighTemp DPSE,0.2501606913704271,0.10266617172146551,Inf,-3.3763371810366505,0.172963483209281
Stage 11 Early HighTemp DPSE / (Stage 12-14 Late HighTemp DPSE),0.09932866670622686,0.03827191612485288,Inf,-5.9934752498032395,1.0076864918051598e-6
Stage 11 Early HighTemp DPSE / (Stages 1-7 Late HighTemp DPSE),0.04756591941529415,0.01784212309768624,Inf,-8.119471359602695,6.24167384444263e-13
Stage 11 Early HighTemp DPSE / (Stages 8-10 Late HighTemp DPSE),0.22514530152452242,0.09209782973032367,Inf,-3.6449690460072612,0.07824460497443797
(Stage 12-14 Early HighTemp DPSE) / (Stages 1-7 Early HighTemp DPSE),0.050925487888564464,0.015619051363665582,Inf,-9.70770396231899,3.814726312612038e-13
(Stage 12-14 Early HighTemp DPSE) / (Stages 8-10 Early HighTemp DPSE),0.6111073539376192,0.23263487466842703,Inf,-1.293700092367967,0.999995799667033
(Stage 12-14 Early HighTemp DPSE) / Stage 11 Late HighTemp DPSE,0.3931085614890655,0.13966675392805003,Inf,-2.6279229014994083,0.7178248310899948
(Stage 12-14 Early HighTemp DPSE) / (Stage 12-14 Late HighTemp DPSE),0.15608746949652708,0.05034302453437646,Inf,-5.758638948919702,4.132464139439129e-6
(Stage 12-14 Early HighTemp DPSE) / (Stages 1-7 Late HighTemp DPSE),0.07474623632840485,0.023216755166217906,Inf,-8.350264892491213,3.7070346792233977e-13
(Stage 12-14 Early HighTemp DPSE) / (Stages 8-10 Late HighTemp DPSE),0.3537987727946844,0.12393110136024064,Inf,-2.96621640090819,0.43987225607887814
(Stages 1-7 Early HighTemp DPSE) / (Stages 8-10 Early HighTemp DPSE),12.000029440559292,2.9422371953002964,Inf,10.134798935559484,3.171907181354072e-13
(Stages 1-7 Early HighTemp DPSE) / Stage 11 Late HighTemp DPSE,7.7192890591302445,1.568099318282974,Inf,10.060640143854409,3.6193270602780103e-13
(Stages 1-7 Early HighTemp DPSE) / (Stage 12-14 Late HighTemp DPSE),3.0650166737347484,0.4258981237272526,Inf,8.060568849862868,7.810418978237976e-13
(Stages 1-7 Early HighTemp DPSE) / (Stages 1-7 Late HighTemp DPSE),1.4677569018477572,0.15859871030997172,Inf,3.551290932895568,0.10474283571764542
(Stages 1-7 Early HighTemp DPSE) / (Stages 8-10 Late HighTemp DPSE),6.947381114322743,1.3522837262832372,Inf,9.958382651038272,2.6556534749033744e-13
(Stages 8-10 Early HighTemp DPSE) / Stage 11 Late HighTemp DPSE,0.643272510068981,0.19544335470452998,Inf,-1.4521003420422836,0.9999474919980036
(Stages 8-10 Early HighTemp DPSE) / (Stage 12-14 Late HighTemp DPSE),0.2554174295085642,0.0676553627364616,Inf,-5.152703658866553,1.2063270980644525e-4
(Stages 8-10 Early HighTemp DPSE) / (Stages 1-7 Late HighTemp DPSE),0.12231277507427087,0.030585137660038873,Inf,-8.402786981011154,3.4516833835596117e-13
(Stages 8-10 Early HighTemp DPSE) / (Stages 8-10 Late HighTemp DPSE),0.5789470058165911,0.17228280324574374,Inf,-1.8366325541075814,0.9957917437684172
Stage 11 Late HighTemp DPSE / (Stage 12-14 Late HighTemp DPSE),0.3970594507158011,0.08989820948835181,Inf,-4.079631963130308,0.01670391138725713
Stage 11 Late HighTemp DPSE / (Stages 1-7 Late HighTemp DPSE),0.19014146129321574,0.039739777008810324,Inf,-7.9424790045721245,1.4240830736866883e-12
Stage 11 Late HighTemp DPSE / (Stages 8-10 Late HighTemp DPSE),0.9000027154191743,0.23780515791120538,Inf,-0.39873834360709365,1
(Stage 12-14 Late HighTemp DPSE) / (Stages 1-7 Late HighTemp DPSE),0.478874034985031,0.07057653527895565,Inf,-4.996043265522344,2.703718794778709e-4
(Stage 12-14 Late HighTemp DPSE) / (Stages 8-10 Late HighTemp DPSE),2.2666699251124474,0.49624274551761866,Inf,3.7377728438760194,0.0577325793077037
(Stages 1-7 Late HighTemp DPSE) / (Stages 8-10 Late HighTemp DPSE),4.733332274286495,0.9502176330782185,Inf,7.744097251491091,4.9570347826488614e-12
