contrast,estimate,SE,df,z.ratio,p.value
Stage 11 Early Control DMEL - (Stage 12-14 Early Control DMEL),-0.0016085812964305622,0.9233833980710549,Inf,-0.001742051351357284,1
Stage 11 Early Control DMEL - (Stages 1-7 Early Control DMEL),-23.026565517860405,0.6068164164407598,Inf,-37.9465104997013,0
Stage 11 Early Control DMEL - (Stages 8-10 Early Control DMEL),-19.471229481953948,0.9690432424352228,Inf,-20.093251394047602,0
Stage 11 Early Control DMEL - Stage 11 Late Control DMEL,-19.982047845363557,0.5965330098005295,Inf,-33.49696918204948,0
Stage 11 Early Control DMEL - (Stage 12-14 Late Control DMEL),-19.98204324104186,0.7844448576466485,Inf,-25.472846238024204,0
Stage 11 Early Control DMEL - (Stages 1-7 Late Control DMEL),-22.977778550055977,0.6002806252167667,Inf,-38.2783944455287,0
Stage 11 Early Control DMEL - (Stages 8-10 Late Control DMEL),-18.883388115767435,1.1233886566553726,Inf,-16.809309942641146,0
Stage 11 Early Control DMEL - Stage 11 Early HighTemp DMEL,-19.412952286827085,0.5871791189444596,Inf,-33.061380523416275,0
Stage 11 Early Control DMEL - (Stage 12-14 Early HighTemp DMEL),-20.368476536044337,0.6410110367712774,Inf,-31.775547326983272,0
Stage 11 Early Control DMEL - (Stages 1-7 Early HighTemp DMEL),-23.150617824816607,0.5892055800372868,Inf,-39.291239949478346,0
Stage 11 Early Control DMEL - (Stages 8-10 Early HighTemp DMEL),-20.636725467252035,0.6328434519894085,Inf,-32.60952673584338,0
Stage 11 Early Control DMEL - Stage 11 Late HighTemp DMEL,-20.935458260509872,0.6411979449533666,Inf,-32.65053861336452,0
Stage 11 Early Control DMEL - (Stage 12-14 Late HighTemp DMEL),-20.560769759841417,0.6601195887786057,Inf,-31.147037763088097,0
Stage 11 Early Control DMEL - (Stages 1-7 Late HighTemp DMEL),-23.173521926797328,0.5900890943102076,Inf,-39.27122556617712,0
Stage 11 Early Control DMEL - (Stages 8-10 Late HighTemp DMEL),-20.870931307944016,0.6377059471678034,Inf,-32.72814280725552,0
Stage 11 Early Control DMEL - Stage 11 Early Control DPSE,-0.047287171911729736,1.0106078271034824,Inf,-0.0467908229518271,1
Stage 11 Early Control DMEL - (Stage 12-14 Early Control DPSE),-0.0480235241772042,1.8564247464426975,Inf,-0.02586882353794703,1
Stage 11 Early Control DMEL - (Stages 1-7 Early Control DPSE),-23.25297545825642,0.5861408658693461,Inf,-39.671309086713,0
Stage 11 Early Control DMEL - (Stages 8-10 Early Control DPSE),-0.04815846624735412,3.101073548974939,Inf,-0.015529611112665457,1
Stage 11 Early Control DMEL - Stage 11 Late Control DPSE,-20.115571203438105,0.7485988832106459,Inf,-26.870960743576003,0
Stage 11 Early Control DMEL - (Stage 12-14 Late Control DPSE),-21.77380338336604,0.6245846219795972,Inf,-34.86125437151302,0
Stage 11 Early Control DMEL - (Stages 1-7 Late Control DPSE),-22.918941576745084,0.5975118960063701,Inf,-38.357297536551044,0
Stage 11 Early Control DMEL - (Stages 8-10 Late Control DPSE),-21.127178089589446,0.6573673678690551,Inf,-32.139073404382756,0
Stage 11 Early Control DMEL - Stage 11 Early HighTemp DPSE,-19.67665859915295,0.6839048015054257,Inf,-28.771049063905203,0
Stage 11 Early Control DMEL - (Stage 12-14 Early HighTemp DPSE),-20.128640933902517,0.6580614054020182,Inf,-30.58778522591774,0
Stage 11 Early Control DMEL - (Stages 1-7 Early HighTemp DPSE),-23.106032670286222,0.5886590203468448,Inf,-39.25198097987503,0
Stage 11 Early Control DMEL - (Stages 8-10 Early HighTemp DPSE),-20.621123567121288,0.6306947164608306,Inf,-32.69588761237382,0
Stage 11 Early Control DMEL - Stage 11 Late HighTemp DPSE,-21.06231040127639,0.6168937128272597,Inf,-34.1425272511639,0
Stage 11 Early Control DMEL - (Stage 12-14 Late HighTemp DPSE),-21.98597966086888,0.5969626060907639,Inf,-36.82974349908622,0
Stage 11 Early Control DMEL - (Stages 1-7 Late HighTemp DPSE),-22.722297352003142,0.5907048802448273,Inf,-38.46641209834853,0
Stage 11 Early Control DMEL - (Stages 8-10 Late HighTemp DPSE),-21.167667899806354,0.6124901573940673,Inf,-34.5600131598317,0
(Stage 12-14 Early Control DMEL) - (Stages 1-7 Early Control DMEL),-23.024956936563974,1.0449507960150477,Inf,-22.034489111229316,0
(Stage 12-14 Early Control DMEL) - (Stages 8-10 Early Control DMEL),-19.469620900657517,1.2905189503998309,Inf,-15.086660211092138,0
(Stage 12-14 Early Control DMEL) - Stage 11 Late Control DMEL,-19.980439264067126,1.0973877889663672,Inf,-18.20727318543134,0
(Stage 12-14 Early Control DMEL) - (Stage 12-14 Late Control DMEL),-19.98043465974543,1.0826253025184243,Inf,-18.455540077685743,0
(Stage 12-14 Early Control DMEL) - (Stages 1-7 Late Control DMEL),-22.976169968759546,1.0421362360245703,Inf,-22.04718459498787,0
(Stage 12-14 Early Control DMEL) - (Stages 8-10 Late Control DMEL),-18.881779534471004,1.4138015975370903,Inf,-13.355324797598165,0
(Stage 12-14 Early Control DMEL) - Stage 11 Early HighTemp DMEL,-19.411343705530655,1.1007015695468565,Inf,-17.635428387298507,0
(Stage 12-14 Early Control DMEL) - (Stage 12-14 Early HighTemp DMEL),-20.366867954747907,1.0335736039643786,Inf,-19.7052903408414,0
(Stage 12-14 Early Control DMEL) - (Stages 1-7 Early HighTemp DMEL),-23.149009243520176,1.0356821165028791,Inf,-22.351461780267037,0
(Stage 12-14 Early Control DMEL) - (Stages 8-10 Early HighTemp DMEL),-20.635116885955604,1.0617180044589867,Inf,-19.435590994305986,0
(Stage 12-14 Early Control DMEL) - Stage 11 Late HighTemp DMEL,-20.93384967921344,1.0643625365691347,Inf,-19.66796928675411,0
(Stage 12-14 Early Control DMEL) - (Stage 12-14 Late HighTemp DMEL),-20.559161178544986,1.0867010911966841,Inf,-18.9188741458841,0
(Stage 12-14 Early Control DMEL) - (Stages 1-7 Late HighTemp DMEL),-23.171913345500897,1.0360652312687224,Inf,-22.365303502295443,0
(Stage 12-14 Early Control DMEL) - (Stages 8-10 Late HighTemp DMEL),-20.869322726647585,1.063245514430054,Inf,-19.627943352137677,0
(Stage 12-14 Early Control DMEL) - Stage 11 Early Control DPSE,-0.04567859061529917,1.3217311009072648,Inf,-0.03455966995400532,1
(Stage 12-14 Early Control DMEL) - (Stage 12-14 Early Control DPSE),-0.04641494288077364,1.622148384081646,Inf,-0.02861325347067478,1
(Stage 12-14 Early Control DMEL) - (Stages 1-7 Early Control DPSE),-23.251366876959988,1.0339118576984432,Inf,-22.488732191077762,0
(Stage 12-14 Early Control DMEL) - (Stages 8-10 Early Control DPSE),-0.04654988495092356,3.2253012162761423,Inf,-0.014432724830789286,1
(Stage 12-14 Early Control DMEL) - Stage 11 Late Control DPSE,-20.113962622141674,1.1393269574150524,Inf,-17.654249722816164,0
(Stage 12-14 Early Control DMEL) - (Stage 12-14 Late Control DPSE),-21.77219480206961,1.0554824110364727,Inf,-20.627719206319643,0
(Stage 12-14 Early Control DMEL) - (Stages 1-7 Late Control DPSE),-22.917332995448653,1.0403819821196325,Inf,-22.027806506950263,0
(Stage 12-14 Early Control DMEL) - (Stages 8-10 Late Control DPSE),-21.125569508293015,1.076073251176686,Inf,-19.632092411173875,0
(Stage 12-14 Early Control DMEL) - Stage 11 Early HighTemp DPSE,-19.67505001785652,1.0966127866170143,Inf,-17.94165657921324,0
(Stage 12-14 Early Control DMEL) - (Stage 12-14 Early HighTemp DPSE),-20.127032352606086,1.0750577347369696,Inf,-18.721815305603556,0
(Stage 12-14 Early Control DMEL) - (Stages 1-7 Early HighTemp DPSE),-23.10442408898979,1.0353215786898347,Inf,-22.31618133394619,0
(Stage 12-14 Early Control DMEL) - (Stages 8-10 Early HighTemp DPSE),-20.619514985824857,1.059643424915583,Inf,-19.45891844463388,0
(Stage 12-14 Early Control DMEL) - Stage 11 Late HighTemp DPSE,-21.06070181997996,1.050646766681556,Inf,-20.045463887448786,0
(Stage 12-14 Early Control DMEL) - (Stage 12-14 Late HighTemp DPSE),-21.984371079572448,1.0402204209152173,Inf,-21.13433906655085,0
(Stage 12-14 Early Control DMEL) - (Stages 1-7 Late HighTemp DPSE),-22.720688770706712,1.0364829761418828,Inf,-21.92094737077139,0
(Stage 12-14 Early Control DMEL) - (Stages 8-10 Late HighTemp DPSE),-21.166059318509923,1.049116205713732,Inf,-20.175133320059892,0
(Stages 1-7 Early Control DMEL) - (Stages 8-10 Early Control DMEL),3.555336035906457,0.8722410018799119,Inf,4.076093680810418,0.016935192174789337
(Stages 1-7 Early Control DMEL) - Stage 11 Late Control DMEL,3.0445176724968483,0.5022756762139625,Inf,6.061447560920561,6.627666943037624e-7
(Stages 1-7 Early Control DMEL) - (Stage 12-14 Late Control DMEL),3.0445222768185434,0.5708908901364775,Inf,5.332931965494699,4.6084303631066525e-05
(Stages 1-7 Early Control DMEL) - (Stages 1-7 Late Control DMEL),0.04878696780442837,0.21213247287984516,Inf,0.22998349636013532,1
(Stages 1-7 Early Control DMEL) - (Stages 8-10 Late Control DMEL),4.14317740209297,0.9304487903686316,Inf,4.452880636721015,0.0035479091786602135
(Stages 1-7 Early Control DMEL) - Stage 11 Early HighTemp DMEL,3.6136132310333196,0.42199936669575816,Inf,8.563077379304614,2.922107000813412e-13
(Stages 1-7 Early Control DMEL) - (Stage 12-14 Early HighTemp DMEL),2.6580889818160665,0.3203320234370825,Inf,8.297918370119342,4.0034642267983145e-13
(Stages 1-7 Early Control DMEL) - (Stages 1-7 Early HighTemp DMEL),-0.12405230695620162,0.18260488392044674,Inf,-0.6793482424612804,1
(Stages 1-7 Early Control DMEL) - (Stages 8-10 Early HighTemp DMEL),2.3898400506083703,0.29496972985797226,Inf,8.101984063785382,6.635803018184561e-13
(Stages 1-7 Early Control DMEL) - Stage 11 Late HighTemp DMEL,2.091107257350533,0.29560221863805236,Inf,7.074058060135778,7.457436890234703e-10
(Stages 1-7 Early Control DMEL) - (Stage 12-14 Late HighTemp DMEL),2.465795758018988,0.34279170228122136,Inf,7.193277263158735,3.136836346229188e-10
(Stages 1-7 Early Control DMEL) - (Stages 1-7 Late HighTemp DMEL),-0.14695640893692286,0.18798840491494676,Inf,-0.7817312403039519,0.9999999999897837
(Stages 1-7 Early Control DMEL) - (Stages 8-10 Late HighTemp DMEL),2.155634209916389,0.30722572812444987,Inf,7.016450813140209,1.1276605205168266e-9
(Stages 1-7 Early Control DMEL) - Stage 11 Early Control DPSE,22.979278345948675,1.095701236819484,Inf,20.97221174327696,0
(Stages 1-7 Early Control DMEL) - (Stage 12-14 Early Control DPSE),22.9785419936832,1.8981436961745903,Inf,12.105796858263593,0
(Stages 1-7 Early Control DMEL) - (Stages 1-7 Early Control DPSE),-0.22640994039601525,0.1743720055183844,Inf,-1.2984305578348379,0.9999954362148877
(Stages 1-7 Early Control DMEL) - (Stages 8-10 Early Control DPSE),22.97840705161305,3.111602343765379,Inf,7.384750528181781,7.590950090730075e-11
(Stages 1-7 Early Control DMEL) - Stage 11 Late Control DPSE,2.9109943144223,0.5087026335273228,Inf,5.722388921475768,5.11230368605009e-6
(Stages 1-7 Early Control DMEL) - (Stage 12-14 Late Control DPSE),1.2527621344943647,0.27565349633698444,Inf,4.54469887428118,0.0023553727635111654
(Stages 1-7 Early Control DMEL) - (Stages 1-7 Late Control DPSE),0.10762394111532038,0.20921577962713653,Inf,0.5144159838570843,1
(Stages 1-7 Early Control DMEL) - (Stages 8-10 Late Control DPSE),1.8993874282709586,0.34679697644113555,Inf,5.476943449053847,2.0825380368849622e-5
(Stages 1-7 Early Control DMEL) - Stage 11 Early HighTemp DPSE,3.349906918707452,0.4021832198679451,Inf,8.329305533451588,3.809175197488912e-13
(Stages 1-7 Early Control DMEL) - (Stage 12-14 Early HighTemp DPSE),2.897924583957887,0.3435611677915371,Inf,8.434959639315998,3.3506530883187224e-13
(Stages 1-7 Early Control DMEL) - (Stages 1-7 Early HighTemp DPSE),-0.0794671524258159,0.18231699559566406,Inf,-0.43587352987131944,1
(Stages 1-7 Early Control DMEL) - (Stages 8-10 Early HighTemp DPSE),2.4054419507391156,0.29001261974434134,Inf,8.294266480057374,4.042322032660195e-13
(Stages 1-7 Early Control DMEL) - Stage 11 Late HighTemp DPSE,1.9642551165840143,0.2555970127769527,Inf,7.684968987873603,7.772449350795796e-12
(Stages 1-7 Early Control DMEL) - (Stage 12-14 Late HighTemp DPSE),1.0405858569915254,0.20811405568860528,Inf,5.000074855820994,2.649068925915099e-4
(Stages 1-7 Early Control DMEL) - (Stages 1-7 Late HighTemp DPSE),0.304268165857262,0.18888189907295888,Inf,1.610891077179043,0.9995826009937516
(Stages 1-7 Early Control DMEL) - (Stages 8-10 Late HighTemp DPSE),1.8588976180540524,0.24877083631980068,Inf,7.472329335519041,3.925071379029532e-11
(Stages 8-10 Early Control DMEL) - Stage 11 Late Control DMEL,-0.5108183634096086,0.9912304173349702,Inf,-0.5153376596160143,1
(Stages 8-10 Early Control DMEL) - (Stage 12-14 Late Control DMEL),-0.5108137590879135,1.0168075402601393,Inf,-0.5023701525238761,1
(Stages 8-10 Early Control DMEL) - (Stages 1-7 Late Control DMEL),-3.5065490681020286,0.8665443238982311,Inf,-4.046589391212544,0.01897914730023731
(Stages 8-10 Early Control DMEL) - (Stages 8-10 Late Control DMEL),0.5878413661865132,1.0986708966176124,Inf,0.5350477272095329,1
(Stages 8-10 Early Control DMEL) - Stage 11 Early HighTemp DMEL,0.05827719512686258,0.9285881641857672,Inf,0.0627589251882862,1
(Stages 8-10 Early Control DMEL) - (Stage 12-14 Early HighTemp DMEL),-0.8972470540903905,0.8982571738486044,Inf,-0.998875467084904,0.99999999241629145
(Stages 8-10 Early Control DMEL) - (Stages 1-7 Early HighTemp DMEL),-3.6793883428626586,0.8593672836242392,Inf,-4.281508515597019,0.007399657063328902
(Stages 8-10 Early Control DMEL) - (Stages 8-10 Early HighTemp DMEL),-1.1654959852980866,0.8857388123801362,Inf,-1.3158461264288437,0.9999938316995257
(Stages 8-10 Early Control DMEL) - Stage 11 Late HighTemp DMEL,-1.464228778555924,0.8890254345007712,Inf,-1.647004373253006,0.9993672096728148
(Stages 8-10 Early Control DMEL) - (Stage 12-14 Late HighTemp DMEL),-1.089540277887469,0.906790344507396,Inf,-1.201534935265935,0.9999992485738087
(Stages 8-10 Early Control DMEL) - (Stages 1-7 Late HighTemp DMEL),-3.70229244484338,0.8602802566542849,Inf,-4.303588762157535,0.006745884880665853
(Stages 8-10 Early Control DMEL) - (Stages 8-10 Late HighTemp DMEL),-1.3997018259900678,0.8997489660428813,Inf,-1.5556581655725503,0.9997873609922171
(Stages 8-10 Early Control DMEL) - Stage 11 Early Control DPSE,19.423942310042218,1.3345893033181402,Inf,14.554246959532184,0
(Stages 8-10 Early Control DMEL) - (Stage 12-14 Early Control DPSE),19.423205957776744,2.045036160361426,Inf,9.497732281831151,2.696731726814505e-13
(Stages 8-10 Early Control DMEL) - (Stages 1-7 Early Control DPSE),-3.781745976302472,0.8575084842578398,Inf,-4.410155754406925,0.004277055355530246
(Stages 8-10 Early Control DMEL) - (Stages 8-10 Early Control DPSE),19.423071015706594,3.072465827689119,Inf,6.3216556684424345,1.276517973547442e-7
(Stages 8-10 Early Control DMEL) - Stage 11 Late Control DPSE,-0.6443417214841572,0.9812841675628985,Inf,-0.6566311194895093,1
(Stages 8-10 Early Control DMEL) - (Stage 12-14 Late Control DPSE),-2.3025739014120923,0.8836339767990452,Inf,-2.6058005484953646,0.734576726409309
(Stages 8-10 Early Control DMEL) - (Stages 1-7 Late Control DPSE),-3.4477120947911364,0.8652912324774495,Inf,-3.9844528239583052,0.0240247009336112
(Stages 8-10 Early Control DMEL) - (Stages 8-10 Late Control DPSE),-1.6559486076354983,0.9095432431067951,Inf,-1.820637578460976,0.9963503695918681
(Stages 8-10 Early Control DMEL) - Stage 11 Early HighTemp DPSE,-0.20542911719900464,0.9307294137853394,Inf,-0.2207184109111912,1
(Stages 8-10 Early Control DMEL) - (Stage 12-14 Early HighTemp DPSE),-0.6574114519485698,0.9073209991699629,Inf,-0.7245632499964005,0.9999999999990545
(Stages 8-10 Early Control DMEL) - (Stages 1-7 Early HighTemp DPSE),-3.6348031883322727,0.8591847487847226,Inf,-4.230525732065816,0.009138192986301696
(Stages 8-10 Early Control DMEL) - (Stages 8-10 Early HighTemp DPSE),-1.1498940851673412,0.8881952007659994,Inf,-1.2946411826765634,0.9999957295743928
(Stages 8-10 Early Control DMEL) - Stage 11 Late HighTemp DPSE,-1.5910809193224427,0.8777768828423369,Inf,-1.812625680196031,0.9966055037673572
(Stages 8-10 Early Control DMEL) - (Stage 12-14 Late HighTemp DPSE),-2.5147501789149316,0.8650234784322212,Inf,-2.9071467325634845,0.4882021052110863
(Stages 8-10 Early Control DMEL) - (Stages 1-7 Late HighTemp DPSE),-3.251067870049195,0.8605921728575533,Inf,-3.777710247182689,0.05042668256274707
(Stages 8-10 Early Control DMEL) - (Stages 8-10 Late HighTemp DPSE),-1.6964384178524046,0.8754842892645579,Inf,-1.9377142898560535,0.9903145965491877
Stage 11 Late Control DMEL - (Stage 12-14 Late Control DMEL),4.604321695104866e-6,0.685098937720892,Inf,6.720666814083804e-6,1
Stage 11 Late Control DMEL - (Stages 1-7 Late Control DMEL),-2.99573070469242,0.4858124629709172,Inf,-6.166434443390879,3.4380318980620217e-7
Stage 11 Late Control DMEL - (Stages 8-10 Late Control DMEL),1.0986597295961218,1.0090171918799828,Inf,1.0888414374279576,0.9999999320195052
Stage 11 Late Control DMEL - Stage 11 Early HighTemp DMEL,0.5690955585364712,0.6000112473207473,Inf,0.9484748178932894,0.99999999803739
Stage 11 Late Control DMEL - (Stage 12-14 Early HighTemp DMEL),-0.38642869068078184,0.5425524113724687,Inf,-0.7122421402630058,0.9999999999994174
Stage 11 Late Control DMEL - (Stages 1-7 Early HighTemp DMEL),-3.16856997945305,0.47444385990374704,Inf,-6.678492962467414,1.1944669364716276e-8
Stage 11 Late Control DMEL - (Stages 8-10 Early HighTemp DMEL),-0.654677621888478,0.5264606782285209,Inf,-1.2435451477428328,0.9999983114938547
Stage 11 Late Control DMEL - Stage 11 Late HighTemp DMEL,-0.9534104151463154,0.5105942915025937,Inf,-1.8672563148729842,0.9945178304587319
Stage 11 Late Control DMEL - (Stage 12-14 Late HighTemp DMEL),-0.5787219144778603,0.5618136430881595,Inf,-1.0300958718210542,0.999999983265447
Stage 11 Late Control DMEL - (Stages 1-7 Late HighTemp DMEL),-3.191474081433771,0.4767945037370291,Inf,-6.6936050151995765,1.0774278469405374e-8
Stage 11 Late Control DMEL - (Stages 8-10 Late HighTemp DMEL),-0.8888834625804591,0.5358469860975527,Inf,-1.658838223676479,0.9992777451220773
Stage 11 Late Control DMEL - Stage 11 Early Control DPSE,19.934760673451827,1.1896246949280649,Inf,16.757184646925353,0
Stage 11 Late Control DMEL - (Stage 12-14 Early Control DPSE),19.934024321186353,1.9632371243030216,Inf,10.153650862864174,3.0619951019161817e-13
Stage 11 Late Control DMEL - (Stages 1-7 Early Control DPSE),-3.2709276128928635,0.4712702086467514,Inf,-6.940662814832505,1.9332612177791475e-9
Stage 11 Late Control DMEL - (Stages 8-10 Early Control DPSE),19.933889379116202,3.107074271838988,Inf,6.415646243087039,6.924333639801716e-8
Stage 11 Late Control DMEL - Stage 11 Late Control DPSE,-0.13352335807454857,0.6469260120326518,Inf,-0.2063966444246322,1
Stage 11 Late Control DMEL - (Stage 12-14 Late Control DPSE),-1.7917555380024837,0.5191731920978095,Inf,-3.451171141488612,0.1405572559530499
Stage 11 Late Control DMEL - (Stages 1-7 Late Control DPSE),-2.9368937313815278,0.48535624781377984,Inf,-6.05100633732513,7.070412698650941e-7
Stage 11 Late Control DMEL - (Stages 8-10 Late Control DPSE),-1.1451302442258897,0.5569700853371301,Inf,-2.05599954893942,0.9775289008863525
Stage 11 Late Control DMEL - Stage 11 Early HighTemp DPSE,0.305389246210604,0.5981274585074554,Inf,0.5105755334701749,1
Stage 11 Late Control DMEL - (Stage 12-14 Early HighTemp DPSE),-0.14659308853896114,0.5567157297199569,Inf,-0.2633176695271417,1
Stage 11 Late Control DMEL - (Stages 1-7 Early HighTemp DPSE),-3.123984824922664,0.4744823937101633,Inf,-6.583984709095327,2.2647783759488505e-8
Stage 11 Late Control DMEL - (Stages 8-10 Early HighTemp DPSE),-0.6390757217577325,0.5253924569000405,Inf,-1.2163778017074216,0.9999989947112988
Stage 11 Late Control DMEL - Stage 11 Late HighTemp DPSE,-1.080262555912834,0.5090192394873624,Inf,-2.1222430747426673,0.9659854779858476
Stage 11 Late Control DMEL - (Stage 12-14 Late HighTemp DPSE),-2.003931815505323,0.4846377462229977,Inf,-4.134906600079904,0.013443071749452695
Stage 11 Late Control DMEL - (Stages 1-7 Late HighTemp DPSE),-2.740249506639586,0.4769682940588902,Inf,-5.745139751996291,4.47393889346781e-6
Stage 11 Late Control DMEL - (Stages 8-10 Late HighTemp DPSE),-1.185620054442796,0.5040288075196518,Inf,-2.352286291486562,0.8906963570287084
(Stage 12-14 Late Control DMEL) - (Stages 1-7 Late Control DMEL),-2.995735309014115,0.559771837036935,Inf,-5.351707804507589,4.160334969460777e-5
(Stage 12-14 Late Control DMEL) - (Stages 8-10 Late Control DMEL),1.0986551252744268,1.0626208381167772,Inf,1.033910766535984,0.9999999816082199
(Stage 12-14 Late Control DMEL) - Stage 11 Early HighTemp DMEL,0.5690909542147761,0.6669054496662503,Inf,0.8533307899936564,0.9999999998842668
(Stage 12-14 Late Control DMEL) - (Stage 12-14 Early HighTemp DMEL),-0.386433295002477,0.608738866755809,Inf,-0.6348096303788201,1
(Stage 12-14 Late Control DMEL) - (Stages 1-7 Early HighTemp DMEL),-3.168574583774745,0.5491883598402406,Inf,-5.769558889952595,3.874862875674623e-6
(Stage 12-14 Late Control DMEL) - (Stages 8-10 Early HighTemp DMEL),-0.6546822262101731,0.5957798892883761,Inf,-1.0988659368683162,0.9999999145753613
(Stage 12-14 Late Control DMEL) - Stage 11 Late HighTemp DMEL,-0.9534150194680105,0.6001229268052699,Inf,-1.5886995428477908,0.9996798722399145
(Stage 12-14 Late Control DMEL) - (Stage 12-14 Late HighTemp DMEL),-0.5787265187995554,0.6137560113443615,Inf,-0.9429260294036419,0.9999999983187005
(Stage 12-14 Late Control DMEL) - (Stages 1-7 Late HighTemp DMEL),-3.1914786857554662,0.5509577690614188,Inf,-5.792601293547948,3.3814020860001293e-6
(Stage 12-14 Late Control DMEL) - (Stages 8-10 Late HighTemp DMEL),-0.8888880669021543,0.6023292477385311,Inf,-1.475751128206906,0.9999265460885389
(Stage 12-14 Late Control DMEL) - Stage 11 Early Control DPSE,19.93475606913013,1.2228005832011486,Inf,16.302540531133275,0
(Stage 12-14 Late Control DMEL) - (Stage 12-14 Early Control DPSE),19.934019716864658,1.962407130842355,Inf,10.157942968902718,3.0453417565468044e-13
(Stage 12-14 Late Control DMEL) - (Stages 1-7 Early Control DPSE),-3.2709322172145585,0.5464365166043049,Inf,-5.98593270731788,1.0553374699684426e-6
(Stage 12-14 Late Control DMEL) - (Stages 8-10 Early Control DPSE),19.933884774794507,3.1501194026349904,Inf,6.3279775230489195,1.2254051817706113e-7
(Stage 12-14 Late Control DMEL) - Stage 11 Late Control DPSE,-0.13352796239624368,0.7338849091974713,Inf,-0.1819467340488867,1
(Stage 12-14 Late Control DMEL) - (Stage 12-14 Late Control DPSE),-1.791760142324179,0.584479878153322,Inf,-3.0655634339120232,0.36267414079966764
(Stage 12-14 Late Control DMEL) - (Stages 1-7 Late Control DPSE),-2.9368983357032232,0.5585819575031701,Inf,-5.257775150545488,6.913694459864672e-5
(Stage 12-14 Late Control DMEL) - (Stages 8-10 Late Control DPSE),-1.145134848547585,0.6230529594942777,Inf,-1.8379414319403489,0.9957429733890499
(Stage 12-14 Late Control DMEL) - Stage 11 Early HighTemp DPSE,0.3053846418889089,0.6563592014561374,Inf,0.465270603674651,1
(Stage 12-14 Late Control DMEL) - (Stage 12-14 Early HighTemp DPSE),-0.14659769286065624,0.6215947493921609,Inf,-0.23584126636206273,1
(Stage 12-14 Late Control DMEL) - (Stages 1-7 Early HighTemp DPSE),-3.1239894292443595,0.5490951832212786,Inf,-5.689340436238047,6.199350293001338e-6
(Stage 12-14 Late Control DMEL) - (Stages 8-10 Early HighTemp DPSE),-0.6390803260794277,0.5936205403025717,Inf,-1.0765805471516954,0.9999999488027385
(Stage 12-14 Late Control DMEL) - Stage 11 Late HighTemp DPSE,-1.080267160234529,0.5768639801496515,Inf,-1.8726549020347631,0.9942625137980047
(Stage 12-14 Late Control DMEL) - (Stage 12-14 Late HighTemp DPSE),-2.003936419827018,0.5585095517355395,Inf,-3.5880074272676077,0.09360202161755249
(Stage 12-14 Late Control DMEL) - (Stages 1-7 Late HighTemp DPSE),-2.7402541109612812,0.5512817516323567,Inf,-4.970696205429133,3.0727821921661125e-4
(Stage 12-14 Late Control DMEL) - (Stages 8-10 Late HighTemp DPSE),-1.185624658764491,0.5746007795192173,Inf,-2.063388531697664,0.9764200279042843
(Stages 1-7 Late Control DMEL) - (Stages 8-10 Late Control DMEL),4.094390434288542,0.9230283149933828,Inf,4.435823222083815,0.0038238760703763752
(Stages 1-7 Late Control DMEL) - Stage 11 Early HighTemp DMEL,3.564826263228891,0.40537822332389656,Inf,8.793827734502159,2.452482661396971e-13
(Stages 1-7 Late Control DMEL) - (Stage 12-14 Early HighTemp DMEL),2.609302014011638,0.30085577545885583,Inf,8.672933102354483,2.717825964282383e-13
(Stages 1-7 Late Control DMEL) - (Stages 1-7 Early HighTemp DMEL),-0.17283927476063,0.14620930222140485,Inf,-1.1821359662800344,0.9999994906785088
(Stages 1-7 Late Control DMEL) - (Stages 8-10 Early HighTemp DMEL),2.341053082803942,0.27370339385590226,Inf,8.55324828027688,2.957634137601417e-13
(Stages 1-7 Late Control DMEL) - Stage 11 Late HighTemp DMEL,2.0423202895461046,0.2751765626390437,Inf,7.421854063294879,5.7445825873969625e-11
(Stages 1-7 Late Control DMEL) - (Stage 12-14 Late HighTemp DMEL),2.4170087902145596,0.32492031038931646,Inf,7.438774102236091,5.057232410621282e-11
(Stages 1-7 Late Control DMEL) - (Stages 1-7 Late HighTemp DMEL),-0.19574337674135123,0.15240732591912146,Inf,-1.2843436203665635,0.9999964407743855
(Stages 1-7 Late Control DMEL) - (Stages 8-10 Late HighTemp DMEL),2.106847242111961,0.2870940667056467,Inf,7.3385258925329175,1.072428812420867e-10
(Stages 1-7 Late Control DMEL) - Stage 11 Early Control DPSE,22.930491378144247,1.1000611508411677,Inf,20.84474245873543,0
(Stages 1-7 Late Control DMEL) - (Stage 12-14 Early Control DPSE),22.929755025878773,1.900595353133246,Inf,12.064511779468306,0
(Stages 1-7 Late Control DMEL) - (Stages 1-7 Early Control DPSE),-0.2751969082004436,0.13541919602055255,Inf,-2.032185364316275,0.980825436887655
(Stages 1-7 Late Control DMEL) - (Stages 8-10 Early Control DPSE),22.929620083808622,3.11182215067935,Inf,7.368550956166565,8.57017790067971e-11
(Stages 1-7 Late Control DMEL) - Stage 11 Late Control DPSE,2.8622073466178715,0.4980812118658638,Inf,5.746467199386514,4.439182402671271e-6
(Stages 1-7 Late Control DMEL) - (Stage 12-14 Late Control DPSE),1.2039751666899363,0.2529415618685109,Inf,4.7598945693069235,8.651492354548873e-4
(Stages 1-7 Late Control DMEL) - (Stages 1-7 Late Control DPSE),0.05883697331089201,0.17820058620207593,Inf,0.3301727259425064,1
(Stages 1-7 Late Control DMEL) - (Stages 8-10 Late Control DPSE),1.8506004604665303,0.3289644710349801,Inf,5.625532917412679,8.966124192988367e-6
(Stages 1-7 Late Control DMEL) - Stage 11 Early HighTemp DPSE,3.301119950903024,0.38763648178684573,Inf,8.51601979175492,3.0475622025960547e-13
(Stages 1-7 Late Control DMEL) - (Stage 12-14 Early HighTemp DPSE),2.8491376161534587,0.3256267487838403,Inf,8.749703845874137,2.554623179662485e-13
(Stages 1-7 Late Control DMEL) - (Stages 1-7 Early HighTemp DPSE),-0.12825412023024427,0.14570715819159383,Inf,-0.8802183902427076,0.999999999731962
(Stages 1-7 Late Control DMEL) - (Stages 8-10 Early HighTemp DPSE),2.3566549829346872,0.2684830951296389,Inf,8.777666175953312,2.5157653738006047e-13
(Stages 1-7 Late Control DMEL) - Stage 11 Late HighTemp DPSE,1.915468148779586,0.2307392558122181,Inf,8.301440264410171,3.951283744640932e-13
(Stages 1-7 Late Control DMEL) - (Stage 12-14 Late HighTemp DPSE),0.991798889187097,0.17684728046402032,Inf,5.608222453773492,9.902898612024202e-6
(Stages 1-7 Late Control DMEL) - (Stages 1-7 Late HighTemp DPSE),0.25548119805283365,0.1537594484558897,Inf,1.6615642200753973,0.9992556151525406
(Stages 1-7 Late Control DMEL) - (Stages 8-10 Late HighTemp DPSE),1.810110650249624,0.22328205341746027,Inf,8.106834483760961,6.5625282985593e-13
(Stages 8-10 Late Control DMEL) - Stage 11 Early HighTemp DMEL,-0.5295641710596506,0.9913312882442036,Inf,-0.5341949531297334,1
(Stages 8-10 Late Control DMEL) - (Stage 12-14 Early HighTemp DMEL),-1.4850884202769037,0.9538471319187388,Inf,-1.5569459408967672,0.9997838735439446
(Stages 8-10 Late Control DMEL) - (Stages 1-7 Early HighTemp DMEL),-4.267229709049172,0.9168322668300684,Inf,-4.654318857911758,0.0014242511249886736
(Stages 8-10 Late Control DMEL) - (Stages 8-10 Early HighTemp DMEL),-1.7533373514845998,0.95161030991214135,Inf,-1.8424951192957115,0.9955695347732645
(Stages 8-10 Late Control DMEL) - Stage 11 Late HighTemp DMEL,-2.052070144742437,0.9469230413473878,Inf,-2.1670928419088025,0.9559120235120648
(Stages 8-10 Late Control DMEL) - (Stage 12-14 Late HighTemp DMEL),-1.6773816440739822,0.9619969470581643,Inf,-1.7436454961769896,0.9982390141656932
(Stages 8-10 Late Control DMEL) - (Stages 1-7 Late HighTemp DMEL),-4.290133811029893,0.9180149356584839,Inf,-4.6732723449130145,0.0013036325664447235
(Stages 8-10 Late Control DMEL) - (Stages 8-10 Late HighTemp DMEL),-1.987543192176581,0.945041310391628,Inf,-2.1031283715554583,0.9697015882855341
(Stages 8-10 Late Control DMEL) - Stage 11 Early Control DPSE,18.836100943855705,1.455888664486226,Inf,12.937871832735814,0
(Stages 8-10 Late Control DMEL) - (Stage 12-14 Early Control DPSE),18.83536459159023,2.128296201101201,Inf,8.849973317550738,2.3880897259687117e-13
(Stages 8-10 Late Control DMEL) - (Stages 1-7 Early Control DPSE),-4.369587342488986,0.9152590800738041,Inf,-4.7741535021281996,8.079828921963017e-4
(Stages 8-10 Late Control DMEL) - (Stages 8-10 Early Control DPSE),18.83522964952008,3.5062677441321157,Inf,5.371874318794284,3.7258771952708436e-5
(Stages 8-10 Late Control DMEL) - Stage 11 Late Control DPSE,-1.2321830876706703,1.021229733726412,Inf,-1.206567970925113,0.999999170112065
(Stages 8-10 Late Control DMEL) - (Stage 12-14 Late Control DPSE),-2.8904152675986055,0.9398850185424158,Inf,-3.075286030286017,0.3554712523325161
(Stages 8-10 Late Control DMEL) - (Stages 1-7 Late Control DPSE),-4.03555346097765,0.9225581942241907,Inf,-4.3743077523378116,0.004993997450240983
(Stages 8-10 Late Control DMEL) - (Stages 8-10 Late Control DPSE),-2.2437899738220115,0.9675463703972979,Inf,-2.31905161599713,0.9054478659246242
(Stages 8-10 Late Control DMEL) - Stage 11 Early HighTemp DPSE,-0.7932704833855178,0.9854608130828257,Inf,-0.8049741530603564,0.9999999999765854
(Stages 8-10 Late Control DMEL) - (Stage 12-14 Early HighTemp DPSE),-1.2452528181350828,0.9619917671143571,Inf,-1.294452676939649,0.9999957437006641
(Stages 8-10 Late Control DMEL) - (Stages 1-7 Early HighTemp DPSE),-4.222644554518786,0.9168401738913954,Inf,-4.605649572047419,0.0017839755548663128
(Stages 8-10 Late Control DMEL) - (Stages 8-10 Early HighTemp DPSE),-1.7377354513538543,0.9438512112564044,Inf,-1.841111639874545,0.9956228516705186
(Stages 8-10 Late Control DMEL) - Stage 11 Late HighTemp DPSE,-2.1789222855089556,0.9350851000456047,Inf,-2.330186081889967,0.9006603538016948
(Stages 8-10 Late Control DMEL) - (Stage 12-14 Late HighTemp DPSE),-3.1025915451014447,0.9222967352190673,Inf,-3.3639840916974575,0.1788026482264572
(Stages 8-10 Late Control DMEL) - (Stages 1-7 Late HighTemp DPSE),-3.838909236235708,0.9181542305023764,Inf,-4.181115883042017,0.011173392298414075
(Stages 8-10 Late Control DMEL) - (Stages 8-10 Late HighTemp DPSE),-2.2842797840389175,0.9314992440205493,Inf,-2.452261554372797,0.8379693155614193
Stage 11 Early HighTemp DMEL - (Stage 12-14 Early HighTemp DMEL),-0.9555242492172531,0.4604000520062311,Inf,-2.0754216795881706,0.9745227423011817
Stage 11 Early HighTemp DMEL - (Stages 1-7 Early HighTemp DMEL),-3.737665537989521,0.3904222114686456,Inf,-9.573393695839176,2.511324481702104e-13
Stage 11 Early HighTemp DMEL - (Stages 8-10 Early HighTemp DMEL),-1.2237731804249492,0.45212274685751913,Inf,-2.706727739161078,0.6554197012417067
Stage 11 Early HighTemp DMEL - Stage 11 Late HighTemp DMEL,-1.5225059736827866,0.43969958140055526,Inf,-3.4626050105238146,0.13604325382316618
Stage 11 Early HighTemp DMEL - (Stage 12-14 Late HighTemp DMEL),-1.1478174730143316,0.4899513010303898,Inf,-2.3427174713087187,0.8950860169867381
Stage 11 Early HighTemp DMEL - (Stages 1-7 Late HighTemp DMEL),-3.7605696399702424,0.3932233905625146,Inf,-9.563443401957004,2.5157653738006047e-13
Stage 11 Early HighTemp DMEL - (Stages 8-10 Late HighTemp DMEL),-1.4579790211169303,0.4648694131731725,Inf,-3.1363195336188014,0.31193922484460956
Stage 11 Early HighTemp DMEL - Stage 11 Early Control DPSE,19.365665114915355,1.1593296920714378,Inf,16.70419143696187,0
Stage 11 Early HighTemp DMEL - (Stage 12-14 Early Control DPSE),19.364928762649882,1.9380097826460532,Inf,9.99217286520095,2.5768276401549883e-13
Stage 11 Early HighTemp DMEL - (Stages 1-7 Early Control DPSE),-3.8400231714293347,0.3866752260930189,Inf,-9.93087457458569,2.807754029277021e-13
Stage 11 Early HighTemp DMEL - (Stages 8-10 Early Control DPSE),19.36479382057973,3.13374265122907,Inf,6.179446105118032,3.166977848856334e-7
Stage 11 Early HighTemp DMEL - Stage 11 Late Control DPSE,-0.7026189166110198,0.6192653556423693,Inf,-1.1346007171387573,0.9999998117586708
Stage 11 Early HighTemp DMEL - (Stage 12-14 Late Control DPSE),-2.360851096538955,0.4418161206204182,Inf,-5.343515065099347,4.3504402333360837e-5
Stage 11 Early HighTemp DMEL - (Stages 1-7 Late Control DPSE),-3.505989289917999,0.4037005877029301,Inf,-8.684627658996474,2.673417043297377e-13
Stage 11 Early HighTemp DMEL - (Stages 8-10 Late Control DPSE),-1.714225802762361,0.4894916618325062,Inf,-3.5020531225084137,0.12132455313568546
Stage 11 Early HighTemp DMEL - Stage 11 Early HighTemp DPSE,-0.2637063123258672,0.5131739955245412,Inf,-0.5138731007917102,1
Stage 11 Early HighTemp DMEL - (Stage 12-14 Early HighTemp DPSE),-0.7156886470754323,0.4906099502281826,Inf,-1.4587732000595701,0.9999422170970147
Stage 11 Early HighTemp DMEL - (Stages 1-7 Early HighTemp DPSE),-3.6930803834591353,0.3903984727808377,Inf,-9.459771594783774,2.822186928597148e-13
Stage 11 Early HighTemp DMEL - (Stages 8-10 Early HighTemp DPSE),-1.2081712802942037,0.4514496109028878,Inf,-2.6762040571435906,0.6800345520838368
Stage 11 Early HighTemp DMEL - Stage 11 Late HighTemp DPSE,-1.6493581144493052,0.43175573656827104,Inf,-3.820118587326521,0.04355287934443153
Stage 11 Early HighTemp DMEL - (Stage 12-14 Late HighTemp DPSE),-2.573027374041794,0.40295259770909825,Inf,-6.3854343877423725,8.43694746288648e-8
Stage 11 Early HighTemp DMEL - (Stages 1-7 Late HighTemp DPSE),-3.3093450651760574,0.39353034812701054,Inf,-8.409377017367865,3.3995029014022293e-13
Stage 11 Early HighTemp DMEL - (Stages 8-10 Late HighTemp DPSE),-1.7547156129792671,0.4250127464049537,Inf,-4.1286187951346,0.013782391389611126
(Stage 12-14 Early HighTemp DMEL) - (Stages 1-7 Early HighTemp DMEL),-2.782141288772268,0.28048682054268226,Inf,-9.918973317139884,2.8177460364986473e-13
(Stage 12-14 Early HighTemp DMEL) - (Stages 8-10 Early HighTemp DMEL),-0.26824893120769616,0.3635615653932917,Inf,-0.7378363301893897,0.9999999999979665
(Stage 12-14 Early HighTemp DMEL) - Stage 11 Late HighTemp DMEL,-0.5669817244655335,0.36550254849721875,Inf,-1.5512387719229483,0.9997989474308836
(Stage 12-14 Early HighTemp DMEL) - (Stage 12-14 Late HighTemp DMEL),-0.19229322379707842,0.4015255552781853,Inf,-0.47890656340380044,1
(Stage 12-14 Early HighTemp DMEL) - (Stages 1-7 Late HighTemp DMEL),-2.8050453907529893,0.28387461122308616,Inf,-9.881283073069934,2.965405698773793e-13
(Stage 12-14 Early HighTemp DMEL) - (Stages 8-10 Late HighTemp DMEL),-0.5024547718996772,0.37393596727028267,Inf,-1.3436920111418451,0.9999901494463892
(Stage 12-14 Early HighTemp DMEL) - Stage 11 Early Control DPSE,20.321189364132607,1.125390356293407,Inf,18.057013951196996,0
(Stage 12-14 Early HighTemp DMEL) - (Stage 12-14 Early Control DPSE),20.320453011867134,1.9148532748900584,Inf,10.612015697669491,3.0231372960543013e-13
(Stage 12-14 Early HighTemp DMEL) - (Stages 1-7 Early Control DPSE),-2.8844989222120816,0.2750605977321941,Inf,-10.486776172210977,2.879918525877656e-13
(Stage 12-14 Early HighTemp DMEL) - (Stages 8-10 Early Control DPSE),20.320318069796983,3.1209023015936967,Inf,6.511039470674991,3.6884696075212275e-8
(Stage 12-14 Early HighTemp DMEL) - Stage 11 Late Control DPSE,0.25290533260623327,0.5528582609745625,Inf,0.45745058084222,1
(Stage 12-14 Early HighTemp DMEL) - (Stage 12-14 Late Control DPSE),-1.405326847321702,0.3482912015293079,Inf,-4.034919174389327,0.019847078917669236
(Stage 12-14 Early HighTemp DMEL) - (Stages 1-7 Late Control DPSE),-2.5504650407007463,0.2984485811390049,Inf,-8.545743561477499,2.987610159266296e-13
(Stage 12-14 Early HighTemp DMEL) - (Stages 8-10 Late Control DPSE),-0.7587015535451079,0.40687361088819535,Inf,-1.864710645374323,0.9946348572348341
(Stage 12-14 Early HighTemp DMEL) - Stage 11 Early HighTemp DPSE,0.6918179368913858,0.4580175649960368,Inf,1.510461584366032,0.9998818957544886
(Stage 12-14 Early HighTemp DMEL) - (Stage 12-14 Early HighTemp DPSE),0.23983560214182073,0.40196606552290476,Inf,0.5966563416984623,1
(Stage 12-14 Early HighTemp DMEL) - (Stages 1-7 Early HighTemp DPSE),-2.7375561342418826,0.2802662973647086,Inf,-9.767696508579908,3.489430966396867e-13
(Stage 12-14 Early HighTemp DMEL) - (Stages 8-10 Early HighTemp DPSE),-0.25264703107695075,0.3597646267204629,Inf,-0.7022564541156445,0.9999999999998347
(Stage 12-14 Early HighTemp DMEL) - Stage 11 Late HighTemp DPSE,-0.6938338652320521,0.33237162533066494,Inf,-2.087524362351272,0.9724963209928177
(Stage 12-14 Early HighTemp DMEL) - (Stage 12-14 Late HighTemp DPSE),-1.617503124824541,0.2977602099960058,Inf,-5.432233960495388,2.6713075548689957e-5
(Stage 12-14 Early HighTemp DMEL) - (Stages 1-7 Late HighTemp DPSE),-2.3538208159588043,0.28454196421183464,Inf,-8.272315201305215,4.2077452633293433e-13
(Stage 12-14 Early HighTemp DMEL) - (Stages 8-10 Late HighTemp DPSE),-0.799191363762014,0.32734519340572155,Inf,-2.4414330189094056,0.8442764174232398
(Stages 1-7 Early HighTemp DMEL) - (Stages 8-10 Early HighTemp DMEL),2.513892357564572,0.2511660231098057,Inf,10.00888705581622,2.476907567938724e-13
(Stages 1-7 Early HighTemp DMEL) - Stage 11 Late HighTemp DMEL,2.2151595643067346,0.2525842185031481,Inf,8.76998403714255,2.530198273120732e-13
(Stages 1-7 Early HighTemp DMEL) - (Stage 12-14 Late HighTemp DMEL),2.5898480649751896,0.3061351472138627,Inf,8.459819424673736,3.2729374765949615e-13
(Stages 1-7 Early HighTemp DMEL) - (Stages 1-7 Late HighTemp DMEL),-0.022904101980721236,0.10681392948090039,Inf,-0.2144299165102503,1
(Stages 1-7 Early HighTemp DMEL) - (Stages 8-10 Late HighTemp DMEL),2.279686516872591,0.26565085931562804,Inf,8.581513806300263,2.913225216616411e-13
(Stages 1-7 Early HighTemp DMEL) - Stage 11 Early Control DPSE,23.103330652904877,1.0940095762156379,Inf,21.118033292563272,0
(Stages 1-7 Early HighTemp DMEL) - (Stage 12-14 Early Control DPSE),23.102594300639403,1.8970759070618082,Inf,12.178002058136254,0
(Stages 1-7 Early HighTemp DMEL) - (Stages 1-7 Early Control DPSE),-0.10235763343981363,0.08060700446100438,Inf,-1.2698354705555601,0.9999972576879559
(Stages 1-7 Early HighTemp DMEL) - (Stages 8-10 Early Control DPSE),23.102459358569252,3.1098802751166814,Inf,7.428729505576371,5.454570128904379e-11
(Stages 1-7 Early HighTemp DMEL) - Stage 11 Late Control DPSE,3.0350466213785015,0.48624228517821644,Inf,6.241840156427578,2.1310530551321705e-7
(Stages 1-7 Early HighTemp DMEL) - (Stage 12-14 Late Control DPSE),1.3768144414505663,0.22833275855072938,Inf,6.029859448068094,8.057067285571762e-7
(Stages 1-7 Early HighTemp DMEL) - (Stages 1-7 Late Control DPSE),0.23167624807152198,0.1411055157322538,Inf,1.6418652869043417,0.9994028983355754
(Stages 1-7 Early HighTemp DMEL) - (Stages 8-10 Late Control DPSE),2.0234397352271603,0.31044967240456084,Inf,6.5177705602160385,3.526928404884444e-8
(Stages 1-7 Early HighTemp DMEL) - Stage 11 Early HighTemp DPSE,3.473959225663654,0.37198274432945005,Inf,9.339033271357632,3.157474282033945e-13
(Stages 1-7 Early HighTemp DMEL) - (Stage 12-14 Early HighTemp DPSE),3.0219768909140887,0.3069078487455542,Inf,9.846528537038154,3.1386004906153175e-13
(Stages 1-7 Early HighTemp DMEL) - (Stages 1-7 Early HighTemp DPSE),0.04458515453038572,0.0969149745272127,Inf,0.46004402052302745,1
(Stages 1-7 Early HighTemp DMEL) - (Stages 8-10 Early HighTemp DPSE),2.529494257695317,0.24544366331070303,Inf,10.305803880107806,3.2651659154225854e-13
(Stages 1-7 Early HighTemp DMEL) - Stage 11 Late HighTemp DPSE,2.088307423540216,0.20344270798486633,Inf,10.264842835731232,3.573807916268379e-13
(Stages 1-7 Early HighTemp DMEL) - (Stage 12-14 Late HighTemp DPSE),1.164638163947727,0.1394100575679824,Inf,8.354046933664014,3.652633751016765e-13
(Stages 1-7 Early HighTemp DMEL) - (Stages 1-7 Late HighTemp DPSE),0.42832047281346364,0.10863861763151432,Inf,3.942617111221551,0.028064814951606842
(Stages 1-7 Early HighTemp DMEL) - (Stages 8-10 Late HighTemp DPSE),1.982949925010254,0.19497261095411897,Inf,10.170402475027032,2.9953817204386723e-13
(Stages 8-10 Early HighTemp DMEL) - Stage 11 Late HighTemp DMEL,-0.2987327932578374,0.3439018908262388,Inf,-0.8686570246535118,0.9999999998124445
(Stages 8-10 Early HighTemp DMEL) - (Stage 12-14 Late HighTemp DMEL),0.07595570741061772,0.3838655129212729,Inf,0.19787062096978608,1
(Stages 8-10 Early HighTemp DMEL) - (Stages 1-7 Late HighTemp DMEL),-2.536796459545293,0.25494091712823475,Inf,-9.950526922554726,2.688960165642129e-13
(Stages 8-10 Early HighTemp DMEL) - (Stages 8-10 Late HighTemp DMEL),-0.23420584069198114,0.3504332812891421,Inf,-0.668332185317576,1
(Stages 8-10 Early HighTemp DMEL) - Stage 11 Early Control DPSE,20.589438295340305,1.1188642431513216,Inf,18.40208802933,0
(Stages 8-10 Early HighTemp DMEL) - (Stage 12-14 Early Control DPSE),20.58870194307483,1.9114809047404788,Inf,10.771073826589,3.306244167333716e-13
(Stages 8-10 Early HighTemp DMEL) - (Stages 1-7 Early Control DPSE),-2.6162499910043855,0.24509238672976338,Inf,-10.674546141202821,3.2163161023390785e-13
(Stages 8-10 Early HighTemp DMEL) - (Stages 8-10 Early Control DPSE),20.58856700100468,3.1226226872761007,Inf,6.593357271404545,2.1263889316003315e-8
(Stages 8-10 Early HighTemp DMEL) - Stage 11 Late Control DPSE,0.5211542638139294,0.5386713549522836,Inf,0.9674809306689309,0.9999999966959052
(Stages 8-10 Early HighTemp DMEL) - (Stage 12-14 Late Control DPSE),-1.1370779161140057,0.32514269682755204,Inf,-3.4971657896935167,0.12307734087439892
(Stages 8-10 Early HighTemp DMEL) - (Stages 1-7 Late Control DPSE),-2.2822161094930498,0.27107607397859457,Inf,-8.419098284835217,3.3861802251067274e-13
(Stages 8-10 Early HighTemp DMEL) - (Stages 8-10 Late Control DPSE),-0.49045262233741177,0.38704587580146355,Inf,-1.267169224634733,0.9999973873705797
(Stages 8-10 Early HighTemp DMEL) - Stage 11 Early HighTemp DPSE,0.960066868099082,0.4386498818293913,Inf,2.1886860292657984,0.9503377533551762
(Stages 8-10 Early HighTemp DMEL) - (Stage 12-14 Early HighTemp DPSE),0.5080845333495169,0.38444004350106736,Inf,1.321622296997025,0.999993193452549
(Stages 8-10 Early HighTemp DMEL) - (Stages 1-7 Early HighTemp DPSE),-2.469307203034186,0.2509218436660401,Inf,-9.840941573507111,3.1596947280831955e-13
(Stages 8-10 Early HighTemp DMEL) - (Stages 8-10 Early HighTemp DPSE),0.015601900130745416,0.3370385094766266,Inf,0.046291149800576116,1
(Stages 8-10 Early HighTemp DMEL) - Stage 11 Late HighTemp DPSE,-0.42558493402435604,0.30784737763324155,Inf,-1.3824543099775333,0.9999816007034465
(Stages 8-10 Early HighTemp DMEL) - (Stage 12-14 Late HighTemp DPSE),-1.349254193616845,0.2701934989889719,Inf,-4.993658983897002,2.736543795157642e-4
(Stages 8-10 Early HighTemp DMEL) - (Stages 1-7 Late HighTemp DPSE),-2.085571884751108,0.2556853971588191,Inf,-8.156789194557147,5.53335155473178e-13
(Stages 8-10 Early HighTemp DMEL) - (Stages 8-10 Late HighTemp DPSE),-0.530942432554318,0.30296947112596107,Inf,-1.7524618258767597,0.9980785794980096
Stage 11 Late HighTemp DMEL - (Stage 12-14 Late HighTemp DMEL),0.3746885006684551,0.38224398273142285,Inf,0.9802338757330381,0.9999999953492984
Stage 11 Late HighTemp DMEL - (Stages 1-7 Late HighTemp DMEL),-2.238063666287456,0.25607766890215344,Inf,-8.739784596924824,2.596811654598241e-13
Stage 11 Late HighTemp DMEL - (Stages 8-10 Late HighTemp DMEL),0.06452695256585628,0.3519163600697907,Inf,0.183358774661853,1
Stage 11 Late HighTemp DMEL - Stage 11 Early Control DPSE,20.888171088598142,1.120171512094451,Inf,18.647297188929837,0
Stage 11 Late HighTemp DMEL - (Stage 12-14 Early Control DPSE),20.88743473633267,1.9110157067411526,Inf,10.93001730056522,2.944311461305915e-13
Stage 11 Late HighTemp DMEL - (Stages 1-7 Early Control DPSE),-2.317517197746548,0.2464490064197667,Inf,-9.403637821120748,2.9665159217984183e-13
Stage 11 Late HighTemp DMEL - (Stages 8-10 Early Control DPSE),20.887299794262518,3.1227623877089514,Inf,6.688725301826986,1.1139360434064827e-8
Stage 11 Late HighTemp DMEL - Stage 11 Late Control DPSE,0.8198870570717668,0.5415074196403821,Inf,1.514082775848682,0.9998760440039722
Stage 11 Late HighTemp DMEL - (Stage 12-14 Late Control DPSE),-0.8383451228561684,0.3259087805720351,Inf,-2.572330580921155,0.7591390513392556
Stage 11 Late HighTemp DMEL - (Stages 1-7 Late Control DPSE),-1.9834833162352126,0.27229937134772875,Inf,-7.284200864725047,1.6058065988033832e-10
Stage 11 Late HighTemp DMEL - (Stages 8-10 Late Control DPSE),-0.19171982907957436,0.3883182444915663,Inf,-0.4937183142929516,1
Stage 11 Late HighTemp DMEL - Stage 11 Early HighTemp DPSE,1.2587996613569195,0.44170983347838055,Inf,2.849833908935449,0.536090333857228
Stage 11 Late HighTemp DMEL - (Stage 12-14 Early HighTemp DPSE),0.8068173266073543,0.3850919390434157,Inf,2.0951290972527805,0.971160401205621
Stage 11 Late HighTemp DMEL - (Stages 1-7 Early HighTemp DPSE),-2.1705744097763486,0.25222837793716446,Inf,-8.605591597298721,2.815525590449397e-13
Stage 11 Late HighTemp DMEL - (Stages 8-10 Early HighTemp DPSE),0.31433469338858283,0.3379218626434663,Inf,0.9301993393668946,0.9999999988265527
Stage 11 Late HighTemp DMEL - Stage 11 Late HighTemp DPSE,-0.12685214076651863,0.3075790988941039,Inf,-0.4124211990431522,1
Stage 11 Late HighTemp DMEL - (Stage 12-14 Late HighTemp DPSE),-1.0505214003590075,0.27155518505222725,Inf,-3.8685374398465804,0.0367121895950373
Stage 11 Late HighTemp DMEL - (Stages 1-7 Late HighTemp DPSE),-1.786839091493271,0.25697215276000007,Inf,-6.95343472941247,1.7660707340994009e-9
Stage 11 Late HighTemp DMEL - (Stages 8-10 Late HighTemp DPSE),-0.23220963929648053,0.303933417574333,Inf,-0.7640148330832657,0.9999999999946021
(Stage 12-14 Late HighTemp DMEL) - (Stages 1-7 Late HighTemp DMEL),-2.612752166955911,0.3092076522931183,Inf,-8.449830227613871,3.2951419370874646e-13
(Stage 12-14 Late HighTemp DMEL) - (Stages 8-10 Late HighTemp DMEL),-0.3101615481025988,0.39332217594798774,Inf,-0.7885686774589951,0.9999999999869931
(Stage 12-14 Late HighTemp DMEL) - Stage 11 Early Control DPSE,20.513482587929687,1.1306808573807143,Inf,18.142592981940385,0
(Stage 12-14 Late HighTemp DMEL) - (Stage 12-14 Early Control DPSE),20.512746235664213,1.9201978864033367,Inf,10.682620984489262,3.100852907778062e-13
(Stage 12-14 Late HighTemp DMEL) - (Stages 1-7 Early Control DPSE),-2.692205698415003,0.3011630491392488,Inf,-8.939362601453167,2.2160051571518125e-13
(Stage 12-14 Late HighTemp DMEL) - (Stages 8-10 Early Control DPSE),20.512611293594063,3.1241492912241067,Inf,6.565823006991063,2.5584629970154538e-8
(Stage 12-14 Late HighTemp DMEL) - Stage 11 Late Control DPSE,0.4451985564033117,0.5650009015102887,Inf,0.7879607894664653,0.9999999999872681
(Stage 12-14 Late HighTemp DMEL) - (Stage 12-14 Late Control DPSE),-1.2130336235246235,0.36969876575093513,Inf,-3.2811405822810897,0.22165216010746747
(Stage 12-14 Late HighTemp DMEL) - (Stages 1-7 Late Control DPSE),-2.358171816903668,0.3226583835910764,Inf,-7.308571346134044,1.3402279286367502e-10
(Stage 12-14 Late HighTemp DMEL) - (Stages 8-10 Late Control DPSE),-0.5664083297480295,0.42498941170173393,Inf,-1.3327586856341402,0.9999917871745877
(Stage 12-14 Late HighTemp DMEL) - Stage 11 Early HighTemp DPSE,0.8841111606884643,0.4712325284099544,Inf,1.876167512611356,0.9940910704964836
(Stage 12-14 Late HighTemp DMEL) - (Stage 12-14 Early HighTemp DPSE),0.4321288259388992,0.42290450956763215,Inf,1.0218118184190037,0.9999999863909501
(Stage 12-14 Late HighTemp DMEL) - (Stages 1-7 Early HighTemp DPSE),-2.545262910444804,0.3059194234577952,Inf,-8.320043499284216,3.859135233597044e-13
(Stage 12-14 Late HighTemp DMEL) - (Stages 8-10 Early HighTemp DPSE),-0.0603538072798723,0.3800311415308733,Inf,-0.15881279370093207,1
(Stage 12-14 Late HighTemp DMEL) - Stage 11 Late HighTemp DPSE,-0.5015406414349738,0.3547724952681048,Inf,-1.4136965185419885,0.9999702116296922
(Stage 12-14 Late HighTemp DMEL) - (Stage 12-14 Late HighTemp DPSE),-1.4252099010274628,0.32170782713241924,Inf,-4.430137475147061,0.003920223803470901
(Stage 12-14 Late HighTemp DMEL) - (Stages 1-7 Late HighTemp DPSE),-2.161527592161726,0.30983907460920485,Inf,-6.976291143678462,1.5015408916241313e-9
(Stage 12-14 Late HighTemp DMEL) - (Stages 8-10 Late HighTemp DPSE),-0.6068981399649357,0.3495922074471673,Inf,-1.7360173568990498,0.9983682912233248
(Stages 1-7 Late HighTemp DMEL) - (Stages 8-10 Late HighTemp DMEL),2.302590618853312,0.2691858213070684,Inf,8.55390751144607,2.9620750296999176e-13
(Stages 1-7 Late HighTemp DMEL) - Stage 11 Early Control DPSE,23.126234754885598,1.0940855003607808,Inf,21.137502276796095,0
(Stages 1-7 Late HighTemp DMEL) - (Stage 12-14 Early Control DPSE),23.125498402620124,1.8971051820792504,Inf,12.189887319412778,0
(Stages 1-7 Late HighTemp DMEL) - (Stages 1-7 Early Control DPSE),-0.0794535314590924,0.09165404593530425,Inf,-0.8668851510949792,0.9999999998225274
(Stages 1-7 Late HighTemp DMEL) - (Stages 8-10 Early Control DPSE),23.125363460549973,3.1100372755663805,Inf,7.435719064279874,5.174904949001302e-11
(Stages 1-7 Late HighTemp DMEL) - Stage 11 Late Control DPSE,3.0579507233592227,0.4881686459536255,Inf,6.264127671259162,1.8480959840250222e-7
(Stages 1-7 Late HighTemp DMEL) - (Stage 12-14 Late Control DPSE),1.3997185434312875,0.2324553282869358,Inf,6.021451750520932,8.485512759115466e-7
(Stages 1-7 Late HighTemp DMEL) - (Stages 1-7 Late Control DPSE),0.2545803500522432,0.14768436741495558,Inf,1.7238137963305018,0.9985579334663723
(Stages 1-7 Late HighTemp DMEL) - (Stages 8-10 Late Control DPSE),2.0463438372078815,0.3134980687041668,Inf,6.527452770814096,3.3066281268645525e-8
(Stages 1-7 Late HighTemp DMEL) - Stage 11 Early HighTemp DPSE,3.496863327644375,0.3746125391335289,Inf,9.334613667050624,3.1818991885756986e-13
(Stages 1-7 Late HighTemp DMEL) - (Stage 12-14 Early HighTemp DPSE),3.04488099289481,0.3099850025307995,Inf,9.82267196166136,3.2585045772748344e-13
(Stages 1-7 Late HighTemp DMEL) - (Stages 1-7 Early HighTemp DPSE),0.06748925651110696,0.10625749401662483,Inf,0.6351482042344018,1
(Stages 1-7 Late HighTemp DMEL) - (Stages 8-10 Early HighTemp DPSE),2.5523983596760385,0.24928552611522817,Inf,10.238855016781978,2.630118345336996e-13
(Stages 1-7 Late HighTemp DMEL) - Stage 11 Late HighTemp DPSE,2.1112115255209374,0.20805454372150087,Inf,10.147394465688661,3.065325770990057e-13
(Stages 1-7 Late HighTemp DMEL) - (Stage 12-14 Late HighTemp DPSE),1.1875422659284482,0.1460720822946708,Inf,8.129837319172479,6.042943923034727e-13
(Stages 1-7 Late HighTemp DMEL) - (Stages 1-7 Late HighTemp DPSE),0.4512245747941849,0.11706622456519375,Inf,3.8544386006307017,0.03859989462002922
(Stages 1-7 Late HighTemp DMEL) - (Stages 8-10 Late HighTemp DPSE),2.0058540269909755,0.1997903709053125,Inf,10.039793298855322,3.738120923912902e-13
(Stages 8-10 Late HighTemp DMEL) - Stage 11 Early Control DPSE,20.823644136032286,1.1197010176446045,Inf,18.597503983551576,0
(Stages 8-10 Late HighTemp DMEL) - (Stage 12-14 Early Control DPSE),20.822907783766812,1.9120181218229817,Inf,10.89053892643735,3.198552533945076e-13
(Stages 8-10 Late HighTemp DMEL) - (Stages 1-7 Early Control DPSE),-2.3820441503124044,0.2598998549388619,Inf,-9.165238475691915,3.781419621873283e-13
(Stages 8-10 Late HighTemp DMEL) - (Stages 8-10 Early Control DPSE),20.82277284169666,3.110063954850068,Inf,6.695287667388338,1.0651117654525422e-8
(Stages 8-10 Late HighTemp DMEL) - Stage 11 Late Control DPSE,0.7553601045059105,0.5460686723928634,Inf,1.3832694360508464,0.9999813634335577
(Stages 8-10 Late HighTemp DMEL) - (Stage 12-14 Late Control DPSE),-0.9028720754220246,0.33642426577462936,Inf,-2.683730536925237,0.6740111062190033
(Stages 8-10 Late HighTemp DMEL) - (Stages 1-7 Late Control DPSE),-2.0480102688010686,0.2845321522510941,Inf,-7.1978166706226565,3.0342639512070946e-10
(Stages 8-10 Late HighTemp DMEL) - (Stages 8-10 Late Control DPSE),-0.25624678164543063,0.3964195399858222,Inf,-0.6464030043892267,1
(Stages 8-10 Late HighTemp DMEL) - Stage 11 Early HighTemp DPSE,1.1942727087910632,0.44583995480793415,Inf,2.6787027405508117,0.678038419500304
(Stages 8-10 Late HighTemp DMEL) - (Stage 12-14 Early HighTemp DPSE),0.742290374041498,0.393948692765348,Inf,1.8842310881423248,0.9936811415564639
(Stages 8-10 Late HighTemp DMEL) - (Stages 1-7 Early HighTemp DPSE),-2.235101362342205,0.2654021841763022,Inf,-8.42156355750812,3.3673064336881e-13
(Stages 8-10 Late HighTemp DMEL) - (Stages 8-10 Early HighTemp DPSE),0.24980774082272655,0.3487816298825931,Inf,0.7162296388912939,0.9999999999993178
(Stages 8-10 Late HighTemp DMEL) - Stage 11 Late HighTemp DPSE,-0.1913790933323749,0.32027841625550807,Inf,-0.5975397767038372,1
(Stages 8-10 Late HighTemp DMEL) - (Stage 12-14 Late HighTemp DPSE),-1.1150483529248638,0.2837009219932819,Inf,-3.9303656297291427,0.029356879107256928
(Stages 8-10 Late HighTemp DMEL) - (Stages 1-7 Late HighTemp DPSE),-1.8513660440591273,0.26990934552521784,Inf,-6.85921430566454,3.4288811789906504e-9
(Stages 8-10 Late HighTemp DMEL) - (Stages 8-10 Late HighTemp DPSE),-0.2967365918623368,0.3145018813496302,Inf,-0.9435129309527284,0.9999999982908642
Stage 11 Early Control DPSE - (Stage 12-14 Early Control DPSE),-7.363522654744675e-4,1.5899816288595963,Inf,-4.631199833438398e-4,1
Stage 11 Early Control DPSE - (Stages 1-7 Early Control DPSE),-23.20568828634469,1.0924957416140397,Inf,-21.2409874038144,0
Stage 11 Early Control DPSE - (Stages 8-10 Early Control DPSE),-8.712943356243841e-4,3.016686747110711,Inf,-2.888249290248259e-4,1
Stage 11 Early Control DPSE - Stage 11 Late Control DPSE,-20.068284031526375,1.0895314932904538,Inf,-18.41918673770401,0
Stage 11 Early Control DPSE - (Stage 12-14 Late Control DPSE),-21.72651621145431,1.1122523478736088,Inf,-19.53380116750557,0
Stage 11 Early Control DPSE - (Stages 1-7 Late Control DPSE),-22.871654404833354,1.0981004816186817,Inf,-20.828380269097813,0
Stage 11 Early Control DPSE - (Stages 8-10 Late Control DPSE),-21.079890917677716,1.1327800069615073,Inf,-18.60898920190249,0
Stage 11 Early Control DPSE - Stage 11 Early HighTemp DPSE,-19.629371427241225,1.0872159450215804,Inf,-18.054712605278795,0
Stage 11 Early Control DPSE - (Stage 12-14 Early HighTemp DPSE),-20.081353761990787,1.1306363651656843,Inf,-17.761107267276028,0
Stage 11 Early Control DPSE - (Stages 1-7 Early HighTemp DPSE),-23.058745498374492,1.0931731652760026,Inf,-21.09340608681394,0
Stage 11 Early Control DPSE - (Stages 8-10 Early HighTemp DPSE),-20.57383639520956,1.1162360401236258,Inf,-18.4314389212258,0
Stage 11 Early Control DPSE - Stage 11 Late HighTemp DPSE,-21.01502322936466,1.1138232304611366,Inf,-18.8674671659202,0
Stage 11 Early Control DPSE - (Stage 12-14 Late HighTemp DPSE),-21.938692488957148,1.0981118524953923,Inf,-19.97855905033973,0
Stage 11 Early Control DPSE - (Stages 1-7 Late HighTemp DPSE),-22.675010180091412,1.0945376731843517,Inf,-20.71651870521983,0
Stage 11 Early Control DPSE - (Stages 8-10 Late HighTemp DPSE),-21.120380727894624,1.106480265673661,Inf,-19.087896443445246,0
(Stage 12-14 Early Control DPSE) - (Stages 1-7 Early Control DPSE),-23.204951934079215,1.896188464347361,Inf,-12.237682261222913,0
(Stage 12-14 Early Control DPSE) - (Stages 8-10 Early Control DPSE),-1.3494207014991613e-4,3.3825965718867135,Inf,-3.98930428982991e-5,1
(Stage 12-14 Early Control DPSE) - Stage 11 Late Control DPSE,-20.0675476792609,1.92391628887956,Inf,-10.430572159118073,3.239630785856207e-13
(Stage 12-14 Early Control DPSE) - (Stage 12-14 Late Control DPSE),-21.725779859188837,1.9019026907582364,Inf,-11.423181619521957,0
(Stage 12-14 Early Control DPSE) - (Stages 1-7 Late Control DPSE),-22.87091805256788,1.8994319177499304,Inf,-12.040925415037146,0
(Stage 12-14 Early Control DPSE) - (Stages 8-10 Late Control DPSE),-21.079154565412242,1.9196016953391437,Inf,-10.981004349284087,2.6290081223123707e-13
(Stage 12-14 Early Control DPSE) - Stage 11 Early HighTemp DPSE,-19.628635074975747,1.9274719863352296,Inf,-10.183616267386776,2.9254376698872875e-13
(Stage 12-14 Early Control DPSE) - (Stage 12-14 Early HighTemp DPSE),-20.080617409725313,1.8956568903968964,Inf,-10.592959892399623,3.029798634202052e-13
(Stage 12-14 Early Control DPSE) - (Stages 1-7 Early HighTemp DPSE),-23.05800914610902,1.896587066274078,Inf,-12.157632811135535,0
(Stage 12-14 Early Control DPSE) - (Stages 8-10 Early HighTemp DPSE),-20.573100042944084,1.91006347128532,Inf,-10.770898638829019,3.3006930522105904e-13
(Stage 12-14 Early Control DPSE) - Stage 11 Late HighTemp DPSE,-21.014286877099188,1.9067228884751857,Inf,-11.021154150986462,2.0605739337042905e-13
(Stage 12-14 Early Control DPSE) - (Stage 12-14 Late HighTemp DPSE),-21.937956136691675,1.9002825226426976,Inf,-11.54457606976401,0
(Stage 12-14 Early Control DPSE) - (Stages 1-7 Late HighTemp DPSE),-22.67427382782594,1.8973756014079595,Inf,-11.950334878871823,0
(Stage 12-14 Early Control DPSE) - (Stages 8-10 Late HighTemp DPSE),-21.11964437562915,1.9042543502543738,Inf,-11.090768611245629,1.4210854715202004e-13
(Stages 1-7 Early Control DPSE) - (Stages 8-10 Early Control DPSE),23.204816992009064,3.1093840938986634,Inf,7.462833889689706,4.217404203643582e-11
(Stages 1-7 Early Control DPSE) - Stage 11 Late Control DPSE,3.137404254818315,0.48317781473969257,Inf,6.493270508515714,4.150455890084004e-8
(Stages 1-7 Early Control DPSE) - (Stage 12-14 Late Control DPSE),1.4791720748903798,0.22162642737813967,Inf,6.6741682947702445,1.2301910934375826e-8
(Stages 1-7 Early Control DPSE) - (Stages 1-7 Late Control DPSE),0.3340338815113356,0.1299733810748579,Inf,2.5700176355260735,0.7607991073804272
(Stages 1-7 Early Control DPSE) - (Stages 8-10 Late Control DPSE),2.1257973686669738,0.305549595423332,Inf,6.957290732857067,1.718442499409889e-9
(Stages 1-7 Early Control DPSE) - Stage 11 Early HighTemp DPSE,3.5763168591034677,0.3680193631554188,Inf,9.717741013516042,3.709255125272648e-13
(Stages 1-7 Early Control DPSE) - (Stage 12-14 Early HighTemp DPSE),3.1243345243539027,0.3019511053709708,Inf,10.347153790066146,3.0142555118573e-13
(Stages 1-7 Early Control DPSE) - (Stages 1-7 Early HighTemp DPSE),0.14694278797019936,0.07983198754346618,Inf,1.8406505022838535,0.9956405015274954
(Stages 1-7 Early Control DPSE) - (Stages 8-10 Early HighTemp DPSE),2.631851891135131,0.2392172665170902,Inf,11.001931129194247,2.3447910280083306e-13
(Stages 1-7 Early Control DPSE) - Stage 11 Late HighTemp DPSE,2.1906650569800297,0.19587501301455765,Inf,11.183994442503073,8.526512829121202e-14
(Stages 1-7 Early Control DPSE) - (Stage 12-14 Late HighTemp DPSE),1.2669957973875405,0.12813088315316262,Inf,9.88829364325089,2.984279490192421e-13
(Stages 1-7 Early Control DPSE) - (Stages 1-7 Late HighTemp DPSE),0.5306781062532773,0.09372760381588126,Inf,5.6619190574394995,7.268486866607304e-6
(Stages 1-7 Early Control DPSE) - (Stages 8-10 Late HighTemp DPSE),2.0853075584500678,0.1870745420119755,Inf,11.14693392282408,1.0658141036401503e-13
(Stages 8-10 Early Control DPSE) - Stage 11 Late Control DPSE,-20.06741273719075,3.2038375574924616,Inf,-6.263554995246655,1.8548849445298998e-7
(Stages 8-10 Early Control DPSE) - (Stage 12-14 Late Control DPSE),-21.725644917118686,3.117083681801934,Inf,-6.96986258147534,1.5717382950697356e-9
(Stages 8-10 Early Control DPSE) - (Stages 1-7 Late Control DPSE),-22.87078311049773,3.111384072503466,Inf,-7.350678211865871,9.794631772308549e-11
(Stages 8-10 Early Control DPSE) - (Stages 8-10 Late Control DPSE),-21.07901962334209,3.0834707967981676,Inf,-6.836134023137254,4.028624656093882e-9
(Stages 8-10 Early Control DPSE) - Stage 11 Early HighTemp DPSE,-19.6285001329056,3.1268369812710892,Inf,-6.277429955726833,1.6970488780909676e-7
(Stages 8-10 Early Control DPSE) - (Stage 12-14 Early HighTemp DPSE),-20.080482467655163,3.123301715918554,Inf,-6.429248370501904,6.333096658206472e-8
(Stages 8-10 Early Control DPSE) - (Stages 1-7 Early HighTemp DPSE),-23.057874204038868,3.1096736746203706,Inf,-7.414885488540458,6.053424428387189e-11
(Stages 8-10 Early Control DPSE) - (Stages 8-10 Early HighTemp DPSE),-20.572965100873937,3.110279944505798,Inf,-6.614505918419135,1.843806418655447e-8
(Stages 8-10 Early Control DPSE) - Stage 11 Late HighTemp DPSE,-21.014151935029037,3.110343138168442,Inf,-6.756216597826387,7.0110809380352634e-9
(Stages 8-10 Early Control DPSE) - (Stage 12-14 Late HighTemp DPSE),-21.937821194621524,3.111285018038526,Inf,-7.051048382720003,8.800152828669638e-10
(Stages 8-10 Early Control DPSE) - (Stages 1-7 Late HighTemp DPSE),-22.674138885755788,3.1101397344260358,Inf,-7.290392336645354,1.5338175174406388e-10
(Stages 8-10 Early Control DPSE) - (Stages 8-10 Late HighTemp DPSE),-21.119509433559,3.121273187159182,Inf,-6.76631238830487,6.5394134551866046e-9
Stage 11 Late Control DPSE - (Stage 12-14 Late Control DPSE),-1.6582321799279351,0.5261794570099674,Inf,-3.151457469189116,0.30161808625806197
Stage 11 Late Control DPSE - (Stages 1-7 Late Control DPSE),-2.8033703733069792,0.4967847790521708,Inf,-5.643027909702882,8.106781171468569e-6
Stage 11 Late Control DPSE - (Stages 8-10 Late Control DPSE),-1.0116068861513412,0.5705415539942257,Inf,-1.7730643439891838,0.9976533764087974
Stage 11 Late Control DPSE - Stage 11 Early HighTemp DPSE,0.43891260428515255,0.6014272356763399,Inf,0.7297850483800751,0.9999999999988427
Stage 11 Late Control DPSE - (Stage 12-14 Early HighTemp DPSE),-0.013069730464412548,0.5665712585706293,Inf,-0.02306811414575712,1
Stage 11 Late Control DPSE - (Stages 1-7 Early HighTemp DPSE),-2.9904614668481155,0.48599964232559656,Inf,-6.1532174232438,3.736472020676729e-7
Stage 11 Late Control DPSE - (Stages 8-10 Early HighTemp DPSE),-0.505552363683184,0.5356529312244261,Inf,-0.9438058380966262,0.9999999982768086
Stage 11 Late Control DPSE - Stage 11 Late HighTemp DPSE,-0.9467391978382854,0.5156973681578177,Inf,-1.8358426012919982,0.9958209477278308
Stage 11 Late Control DPSE - (Stage 12-14 Late HighTemp DPSE),-1.8704084574307744,0.49660027807127616,Inf,-3.7664265205311023,0.05240571963051921
Stage 11 Late Control DPSE - (Stages 1-7 Late HighTemp DPSE),-2.6067261485650377,0.48852800242710065,Inf,-5.33587867146678,4.535152901563588e-5
Stage 11 Late Control DPSE - (Stages 8-10 Late HighTemp DPSE),-1.0520966963682474,0.5142724141797687,Inf,-2.0457964832632016,0.9789920804864451
(Stage 12-14 Late Control DPSE) - (Stages 1-7 Late Control DPSE),-1.1451381933790443,0.25005766123576273,Inf,-4.5794965357984765,0.00201101454593422
(Stage 12-14 Late Control DPSE) - (Stages 8-10 Late Control DPSE),0.646625293776594,0.3728678405428368,Inf,1.7341943269637023,0.9983979332666997
(Stage 12-14 Late Control DPSE) - Stage 11 Early HighTemp DPSE,2.097144784213088,0.4254696734899851,Inf,4.929011196052852,3.786358812593038e-4
(Stage 12-14 Late Control DPSE) - (Stage 12-14 Early HighTemp DPSE),1.6451624494635226,0.3698663940755312,Inf,4.44799115522661,0.003625052992604738
(Stage 12-14 Late Control DPSE) - (Stages 1-7 Early HighTemp DPSE),-1.3322292869201806,0.22805141295853443,Inf,-5.841793609769978,2.5234982017341423e-6
(Stage 12-14 Late Control DPSE) - (Stages 8-10 Early HighTemp DPSE),1.1526798162447511,0.3207155218068796,Inf,3.5940880246477214,0.09185349629704687
(Stage 12-14 Late Control DPSE) - Stage 11 Late HighTemp DPSE,0.7114929820896497,0.29010019798047043,Inf,2.4525766857199716,0.8377836550304243
(Stage 12-14 Late Control DPSE) - (Stage 12-14 Late HighTemp DPSE),-0.21217627750283927,0.2489736111280868,Inf,-0.8522038803288401,0.9999999998883516
(Stage 12-14 Late Control DPSE) - (Stages 1-7 Late HighTemp DPSE),-0.9484939686371026,0.23328326669452695,Inf,-4.065846565322275,0.01762139760593784
(Stage 12-14 Late Control DPSE) - (Stages 8-10 Late HighTemp DPSE),0.6061354835596878,0.2839540617861784,Inf,2.1346251564315244,0.9633992334560155
(Stages 1-7 Late Control DPSE) - (Stages 8-10 Late Control DPSE),1.7917634871556383,0.326760556900397,Inf,5.483414228914424,2.008475101922258e-5
(Stages 1-7 Late Control DPSE) - Stage 11 Early HighTemp DPSE,3.242282977592132,0.3857584211658845,Inf,8.404957091520965,3.411715354673106e-13
(Stages 1-7 Late Control DPSE) - (Stage 12-14 Early HighTemp DPSE),2.790300642842567,0.32339539413992646,Inf,8.628139711956633,2.7977620220553945e-13
(Stages 1-7 Late Control DPSE) - (Stages 1-7 Early HighTemp DPSE),-0.1870910935411363,0.14064979202356215,Inf,-1.3301910429401427,0.9999921333760395
(Stages 1-7 Late Control DPSE) - (Stages 8-10 Early HighTemp DPSE),2.2978180096237955,0.26577411167158055,Inf,8.645755582331622,2.7688962234151404e-13
(Stages 1-7 Late Control DPSE) - Stage 11 Late HighTemp DPSE,1.856631175468694,0.22755504272726587,Inf,8.159042107864614,5.468958619303521e-13
(Stages 1-7 Late Control DPSE) - (Stage 12-14 Late HighTemp DPSE),0.9329619158762049,0.17271044550048756,Inf,5.401884716194373,3.159326745849622e-5
(Stages 1-7 Late Control DPSE) - (Stages 1-7 Late HighTemp DPSE),0.19664422474194163,0.14898712980504897,Inf,1.319873904539623,0.9999933928156484
(Stages 1-7 Late Control DPSE) - (Stages 8-10 Late HighTemp DPSE),1.751273676938732,0.22001846438752018,Inf,7.959666848025084,1.2921885783612197e-12
(Stages 8-10 Late Control DPSE) - Stage 11 Early HighTemp DPSE,1.4505194904364938,0.4744898368785954,Inf,3.0570085546587347,0.36906914371151434
(Stages 8-10 Late Control DPSE) - (Stage 12-14 Early HighTemp DPSE),0.9985371556869287,0.4255000222763077,Inf,2.346738198379005,0.8932555853118113
(Stages 8-10 Late Control DPSE) - (Stages 1-7 Early HighTemp DPSE),-1.9788545806967746,0.3102462447148606,Inf,-6.3783353204339,8.836708709214491e-8
(Stages 8-10 Late Control DPSE) - (Stages 8-10 Early HighTemp DPSE),0.5060545224681572,0.3836425380790137,Inf,1.3190782362198112,0.999993481741358
(Stages 8-10 Late Control DPSE) - Stage 11 Late HighTemp DPSE,0.06486768831305575,0.3578896616424047,Inf,0.1812505228996251,1
(Stages 8-10 Late Control DPSE) - (Stage 12-14 Late HighTemp DPSE),-0.8588015712794332,0.32602916887399774,Inf,-2.6341249595717584,0.7130605048186569
(Stages 8-10 Late Control DPSE) - (Stages 1-7 Late HighTemp DPSE),-1.5951192624136965,0.3141104296939559,Inf,-5.078211710346113,1.776753833023781e-4
(Stages 8-10 Late Control DPSE) - (Stages 8-10 Late HighTemp DPSE),-0.04048981021690615,0.3536283386286738,Inf,-0.11449820558476884,1
Stage 11 Early HighTemp DPSE - (Stage 12-14 Early HighTemp DPSE),-0.4519823347495651,0.4687130215760912,Inf,-0.9643050522252026,0.9999999969684223
Stage 11 Early HighTemp DPSE - (Stages 1-7 Early HighTemp DPSE),-3.4293740711332683,0.37191653395262947,Inf,-9.220816387716884,3.6193270602780103e-13
Stage 11 Early HighTemp DPSE - (Stages 8-10 Early HighTemp DPSE),-0.9444649679683366,0.43421877623101085,Inf,-2.175090115094118,0.9539045216586208
Stage 11 Early HighTemp DPSE - Stage 11 Late HighTemp DPSE,-1.385651802123438,0.4104008953566645,Inf,-3.3763371810366505,0.172963483209281
Stage 11 Early HighTemp DPSE - (Stage 12-14 Late HighTemp DPSE),-2.3093210617159268,0.3853058476869058,Inf,-5.9934752498032395,1.0076864918051598e-6
Stage 11 Early HighTemp DPSE - (Stages 1-7 Late HighTemp DPSE),-3.0456387528501905,0.3751030846667363,Inf,-8.119471359602695,6.24167384444263e-13
Stage 11 Early HighTemp DPSE - (Stages 8-10 Late HighTemp DPSE),-1.4910093006534,0.40905952336870127,Inf,-3.6449690460072612,0.07824460497443797
(Stage 12-14 Early HighTemp DPSE) - (Stages 1-7 Early HighTemp DPSE),-2.9773917363837032,0.30670401033453637,Inf,-9.70770396231899,3.814726312612038e-13
(Stage 12-14 Early HighTemp DPSE) - (Stages 8-10 Early HighTemp DPSE),-0.49248263321877145,0.3806775899021075,Inf,-1.293700092367967,0.999995799667033
(Stage 12-14 Early HighTemp DPSE) - Stage 11 Late HighTemp DPSE,-0.9336694673738729,0.3552879983051067,Inf,-2.6279229014994083,0.7178248310899948
(Stage 12-14 Early HighTemp DPSE) - (Stage 12-14 Late HighTemp DPSE),-1.857338726966362,0.3225308520713547,Inf,-5.758638948919702,4.132464139439129e-6
(Stage 12-14 Early HighTemp DPSE) - (Stages 1-7 Late HighTemp DPSE),-2.5936564181006254,0.31060768149198625,Inf,-8.350264892491213,3.7070346792233977e-13
(Stage 12-14 Early HighTemp DPSE) - (Stages 8-10 Late HighTemp DPSE),-1.0390269659038347,0.35028697352819826,Inf,-2.96621640090819,0.43987225607887814
(Stages 1-7 Early HighTemp DPSE) - (Stages 8-10 Early HighTemp DPSE),2.4849091031649317,0.2451858314076908,Inf,10.134798935559484,3.171907181354072e-13
(Stages 1-7 Early HighTemp DPSE) - Stage 11 Late HighTemp DPSE,2.0437222690098302,0.20314038071009308,Inf,10.060640143854409,3.6193270602780103e-13
(Stages 1-7 Early HighTemp DPSE) - (Stage 12-14 Late HighTemp DPSE),1.1200530094173413,0.13895458624317766,Inf,8.060568849862868,7.810418978237976e-13
(Stages 1-7 Early HighTemp DPSE) - (Stages 1-7 Late HighTemp DPSE),0.3837353182830779,0.10805516234351344,Inf,3.551290932895568,0.10474283571764542
(Stages 1-7 Early HighTemp DPSE) - (Stages 8-10 Late HighTemp DPSE),1.9383647704798683,0.1946465443640863,Inf,9.958382651038272,2.6556534749033744e-13
(Stages 8-10 Early HighTemp DPSE) - Stage 11 Late HighTemp DPSE,-0.44118683415510146,0.30382668565080095,Inf,-1.4521003420422836,0.9999474919980036
(Stages 8-10 Early HighTemp DPSE) - (Stage 12-14 Late HighTemp DPSE),-1.3648560937475904,0.26488154260511454,Inf,-5.152703658866553,1.2063270980644525e-4
(Stages 8-10 Early HighTemp DPSE) - (Stages 1-7 Late HighTemp DPSE),-2.101173784881854,0.25005677159615536,Inf,-8.402786981011154,3.4516833835596117e-13
(Stages 8-10 Early HighTemp DPSE) - (Stages 8-10 Late HighTemp DPSE),-0.5465443326850633,0.29757957380355204,Inf,-1.8366325541075814,0.9957917437684172
Stage 11 Late HighTemp DPSE - (Stage 12-14 Late HighTemp DPSE),-0.923669259592489,0.22640994774532458,Inf,-4.079631963130308,0.01670391138725713
Stage 11 Late HighTemp DPSE - (Stages 1-7 Late HighTemp DPSE),-1.6599869507267524,0.20900111284791226,Inf,-7.9424790045721245,1.4240830736866883e-12
Stage 11 Late HighTemp DPSE - (Stages 8-10 Late HighTemp DPSE),-0.1053574985299619,0.26422715602635505,Inf,-0.39873834360709365,1
(Stage 12-14 Late HighTemp DPSE) - (Stages 1-7 Late HighTemp DPSE),-0.7363176911342634,0.14738016706452206,Inf,-4.996043265522344,2.703718794778709e-4
(Stage 12-14 Late HighTemp DPSE) - (Stages 8-10 Late HighTemp DPSE),0.8183117610625271,0.2189303082992997,Inf,3.7377728438760194,0.0577325793077037
(Stages 1-7 Late HighTemp DPSE) - (Stages 8-10 Late HighTemp DPSE),1.5546294521967905,0.20075024908777503,Inf,7.744097251491091,4.9570347826488614e-12
